Provider_Name,Provider_ID,Provider_TIN,Provider_Address,Provider_city,Provider_state,Provider_zip,Provider_county,Provider_Phone
Dr. Sara Gomez,P0174,140949012,3782 Oak St Ste 801,Dallas,TX,75201,Dallas,555-929-8943
Dr. Michael Patel,P0168,932995605,2965 Main St Ste 348,Phoenix,AZ,85001,Maricopa,555-190-4822
Dr. John Khan,P0221,520088981,5739 Elm St Ste 654,Dallas,TX,75201,Dallas,555-484-2689
Dr. Anita Singh,P0038,749072524,3980 Elm St Ste 397,Houston,TX,77002,Harris,555-394-3738
Dr. Emily Lee,P0154,465126986,9662 Pine Ave Ste 949,Irvine,CA,92602,Orange,555-118-8339
Dr. Michael Lee,P0060,708541737,6528 Maple Dr Ste 226,Atlanta,GA,30303,Fulton,555-946-9762
Dr. Priya Gomez,P0102,940202098,3254 Pine Ave Ste 562,Los Angeles,CA,90001,Los Angeles,555-255-8342
Dr. Ritu Patel,P0230,394361413,4805 Oak St Ste 164,Atlanta,GA,30303,Fulton,555-597-2265
Dr. Priya Garcia,P0042,95789725,1684 Main St Ste 313,Los Angeles,CA,90001,Los Angeles,555-234-1978
Dr. Ritu Khan,P0194,140949012,8390 Pine Ave Ste 156,Brooklyn,NY,11201,Kings,555-454-4021
Dr. Deepak Narayan,P0105,80437774,8630 Oak St Ste 365,Atlanta,GA,30303,Fulton,555-526-8590
Dr. Luis Singh,P0234,304020885,4375 Pine Ave Ste 367,Miami,FL,33101,Miami-Dade,555-790-8734
Dr. Deepak Brown,P0100,210061434,8522 Pine Ave Ste 383,Houston,TX,77002,Harris,555-539-8219
Dr. Deepak Khan,P0079,532615535,5925 Main St Ste 152,Brooklyn,NY,11201,Kings,555-831-3110
Dr. Anita Garcia,P0083,71320189,7808 Oak St Ste 406,Brooklyn,NY,11201,Kings,555-546-1018
Dr. Raj Khan,P0039,202284712,7554 Pine Ave Ste 450,Irvine,CA,92602,Orange,555-234-3761
Dr. John Brown,P0179,394361413,9967 Pine Ave Ste 924,Phoenix,AZ,85001,Maricopa,555-778-6949
Dr. Michael Gomez,P0207,723871196,3420 Main St Ste 432,Atlanta,GA,30303,Fulton,555-352-4539
Dr. Anita Patel,P0127,816195556,8435 Elm St Ste 627,Chicago,IL,60601,Cook,555-265-9856
Dr. Michael Khan,P0125,223019534,8450 Elm St Ste 318,Dallas,TX,75201,Dallas,555-621-7296
Dr. John Garcia,P0009,349631229,9239 Pine Ave Ste 666,Anaheim,CA,92801,Orange,555-587-9049
Dr. Ritu Narayan,P0110,291132524,3239 Maple Dr Ste 229,Houston,TX,77002,Harris,555-296-2082
Dr. Luis Mehta,P0117,368883053,9266 Pine Ave Ste 666,Anaheim,CA,92801,Orange,555-795-8632
Dr. Anita Patel,P0011,184717217,8419 Main St Ste 768,Houston,TX,77002,Harris,555-957-8761
Dr. Emily Lee,P0063,967510419,5541 Main St Ste 151,Miami,FL,33101,Miami-Dade,555-490-3383
Dr. John Singh,P0177,893640097,3832 Pine Ave Ste 750,Anaheim,CA,92801,Orange,555-829-2358
Dr. Anita Desai,P0035,905758903,9714 Oak St Ste 279,Atlanta,GA,30303,Fulton,555-155-2796
Dr. Sara Brown,P0033,140949012,6230 Maple Dr Ste 854,Houston,TX,77002,Harris,555-630-4784
Dr. Priya Khan,P0144,512060540,9139 Main St Ste 786,Anaheim,CA,92801,Orange,555-749-8029
Dr. Ritu Patel,P0068,223019534,902 Oak St Ste 690,Los Angeles,CA,90001,Los Angeles,555-674-3001
Dr. John Desai,P0016,905758903,8710 Elm St Ste 666,Anaheim,CA,92801,Orange,555-721-6210
Dr. Michael Desai,P0116,585550522,3406 Pine Ave Ste 888,Los Angeles,CA,90001,Los Angeles,555-813-4092
Dr. Anita Narayan,P0088,179871233,8546 Maple Dr Ste 631,Miami,FL,33101,Miami-Dade,555-170-5098
Dr. Michael Mehta,P0048,520088981,4874 Pine Ave Ste 897,Anaheim,CA,92801,Orange,555-682-3783
Dr. Deepak Khan,P0248,68707328,1235 Pine Ave Ste 738,Anaheim,CA,92801,Orange,555-407-2467
Dr. John Gomez,P0217,520088981,5451 Pine Ave Ste 601,Irvine,CA,92602,Orange,555-195-4606
Dr. Deepak Narayan,P0224,704669694,2371 Main St Ste 468,Houston,TX,77002,Harris,555-583-6694
Dr. Sara Patel,P0233,512060540,9386 Elm St Ste 489,Houston,TX,77002,Harris,555-439-9615
Dr. Michael Singh,P0059,535790142,6597 Pine Ave Ste 303,Chicago,IL,60601,Cook,555-995-4586
Dr. Sara Lee,P0237,915733896,5401 Elm St Ste 824,Chicago,IL,60601,Cook,555-614-9518
Dr. Ritu Singh,P0147,223019534,3122 Oak St Ste 873,Atlanta,GA,30303,Fulton,555-339-2309
Dr. Deepak Khan,P0139,465126986,6729 Oak St Ste 274,Phoenix,AZ,85001,Maricopa,555-123-2836
Dr. Deepak Desai,P0166,95789725,8959 Elm St Ste 505,Anaheim,CA,92801,Orange,555-121-2426
Dr. Raj Garcia,P0093,158100534,7718 Oak St Ste 910,Dallas,TX,75201,Dallas,555-314-6713
Dr. Anita Patel,P0032,880763547,7298 Elm St Ste 855,Brooklyn,NY,11201,Kings,555-561-5068
Dr. Deepak Lee,P0003,695204150,3868 Oak St Ste 450,Anaheim,CA,92801,Orange,555-774-7707
Dr. Ritu Singh,P0173,317488318,4586 Main St Ste 607,Los Angeles,CA,90001,Los Angeles,555-102-8414
Dr. Anita Patel,P0024,425717778,7061 Pine Ave Ste 543,Los Angeles,CA,90001,Los Angeles,555-511-7600
Dr. Raj Singh,P0045,208041844,1318 Oak St Ste 979,Chicago,IL,60601,Cook,555-366-5593
Dr. Priya Mehta,P0171,520088981,7641 Pine Ave Ste 144,Irvine,CA,92602,Orange,555-953-2829
Dr. Ritu Singh,P0053,761203297,6487 Maple Dr Ste 869,Los Angeles,CA,90001,Los Angeles,555-717-1818
Dr. Deepak Khan,P0026,321605095,6048 Maple Dr Ste 942,Anaheim,CA,92801,Orange,555-592-3380
Dr. Michael Patel,P0188,291132524,2969 Pine Ave Ste 423,Los Angeles,CA,90001,Los Angeles,555-624-7787
Dr. Emily Mehta,P0019,166481279,4375 Elm St Ste 337,Irvine,CA,92602,Orange,555-436-7817
Dr. Michael Narayan,P0197,465126986,1191 Maple Dr Ste 533,Dallas,TX,75201,Dallas,555-623-7221
Dr. Emily Lee,P0152,805533371,4283 Main St Ste 852,Brooklyn,NY,11201,Kings,555-606-3277
Dr. Deepak Mehta,P0049,2951618,9428 Pine Ave Ste 801,Irvine,CA,92602,Orange,555-838-8601
Dr. Luis Gomez,P0006,488391846,3419 Main St Ste 387,Anaheim,CA,92801,Orange,555-633-8453
Dr. Michael Desai,P0240,58596928,7441 Maple Dr Ste 162,Irvine,CA,92602,Orange,555-614-3842
Dr. Priya Narayan,P0069,723871196,4074 Elm St Ste 554,Chicago,IL,60601,Cook,555-654-8685
Dr. Deepak Brown,P0106,301426057,1407 Maple Dr Ste 327,Anaheim,CA,92801,Orange,555-661-1687
Dr. Deepak Lee,P0226,905758903,9372 Main St Ste 472,Los Angeles,CA,90001,Los Angeles,555-110-1077
Dr. Sara Singh,P0031,607765259,4798 Oak St Ste 443,Phoenix,AZ,85001,Maricopa,555-755-5279
Dr. Raj Desai,P0021,610260543,4521 Maple Dr Ste 646,Irvine,CA,92602,Orange,555-682-7401
Dr. John Lee,P0148,514733610,1979 Elm St Ste 807,Dallas,TX,75201,Dallas,555-318-5781
Dr. Ritu Lee,P0231,158100534,5448 Maple Dr Ste 172,Anaheim,CA,92801,Orange,555-725-7442
Dr. Raj Singh,P0137,480812019,6460 Maple Dr Ste 749,Chicago,IL,60601,Cook,555-982-9145
Dr. Emily Brown,P0086,465126986,8033 Elm St Ste 898,Brooklyn,NY,11201,Kings,555-325-3853
Dr. Luis Singh,P0094,301823980,7677 Main St Ste 298,Phoenix,AZ,85001,Maricopa,555-609-6726
Dr. Anita Khan,P0085,607765259,183 Main St Ste 526,Dallas,TX,75201,Dallas,555-764-6494
Dr. Deepak Brown,P0027,368883053,3283 Oak St Ste 447,Atlanta,GA,30303,Fulton,555-172-8157
Dr. John Garcia,P0199,179871233,1010 Oak St Ste 735,Miami,FL,33101,Miami-Dade,555-274-3624
Dr. Michael Mehta,P0129,681907379,5998 Elm St Ste 813,Brooklyn,NY,11201,Kings,555-833-5920
Dr. Sara Desai,P0051,80437774,4558 Main St Ste 742,Brooklyn,NY,11201,Kings,555-737-1793
Dr. Luis Mehta,P0222,304020885,5513 Elm St Ste 267,Los Angeles,CA,90001,Los Angeles,555-940-2032
Dr. Michael Garcia,P0111,967510419,1548 Elm St Ste 421,Anaheim,CA,92801,Orange,555-290-4127
Dr. Anita Garcia,P0050,538517216,5681 Oak St Ste 937,Irvine,CA,92602,Orange,555-877-8261
Dr. Luis Mehta,P0126,893640097,4144 Main St Ste 283,Phoenix,AZ,85001,Maricopa,555-338-1417
Dr. Ritu Gomez,P0232,123800592,6627 Elm St Ste 228,Atlanta,GA,30303,Fulton,555-341-3277
Dr. Luis Patel,P0066,875071704,8517 Main St Ste 638,Phoenix,AZ,85001,Maricopa,555-221-1667
Dr. Deepak Brown,P0212,317488318,8460 Elm St Ste 729,Dallas,TX,75201,Dallas,555-341-9702
Dr. Emily Lee,P0135,761203297,5673 Elm St Ste 825,Irvine,CA,92602,Orange,555-373-4029
Dr. Anita Patel,P0185,532615535,590 Elm St Ste 494,Los Angeles,CA,90001,Los Angeles,555-311-5467
Dr. Deepak Brown,P0145,514733610,766 Pine Ave Ste 315,Atlanta,GA,30303,Fulton,555-796-5772
Dr. John Gomez,P0028,585550522,458 Elm St Ste 536,Los Angeles,CA,90001,Los Angeles,555-992-4740
Dr. John Desai,P0022,512060540,1803 Main St Ste 984,Dallas,TX,75201,Dallas,555-794-3671
Dr. Sara Khan,P0054,723871196,4564 Elm St Ste 104,Houston,TX,77002,Harris,555-494-3246
Dr. Deepak Narayan,P0250,223019534,6611 Maple Dr Ste 626,Anaheim,CA,92801,Orange,555-929-7232
Dr. Anita Garcia,P0243,156888286,1550 Pine Ave Ste 821,Brooklyn,NY,11201,Kings,555-542-3636
Dr. Luis Garcia,P0041,761203297,8036 Elm St Ste 308,Chicago,IL,60601,Cook,555-741-1839
Dr. Michael Lee,P0044,301823980,2517 Pine Ave Ste 511,Los Angeles,CA,90001,Los Angeles,555-936-9884
Dr. John Patel,P0089,95789725,7472 Main St Ste 789,Brooklyn,NY,11201,Kings,555-160-9477
Dr. Emily Khan,P0062,140949012,9001 Maple Dr Ste 312,Houston,TX,77002,Harris,555-415-2470
Dr. John Singh,P0202,42583620,4319 Oak St Ste 176,Miami,FL,33101,Miami-Dade,555-287-2027
Dr. Ritu Gomez,P0203,488391846,2533 Elm St Ste 717,Houston,TX,77002,Harris,555-855-5871
Dr. Anita Lee,P0018,520088981,388 Elm St Ste 130,Phoenix,AZ,85001,Maricopa,555-833-3130
Dr. Ritu Brown,P0183,166481279,5777 Oak St Ste 838,Phoenix,AZ,85001,Maricopa,555-299-2149
Dr. Raj Singh,P0236,589166745,601 Elm St Ste 378,Dallas,TX,75201,Dallas,555-782-6380
Dr. Ritu Patel,P0136,940202098,4148 Elm St Ste 940,Miami,FL,33101,Miami-Dade,555-389-1356
Dr. Emily Garcia,P0061,95789725,1766 Main St Ste 776,Los Angeles,CA,90001,Los Angeles,555-574-3526
Dr. Sara Gomez,P0133,905758903,1768 Pine Ave Ste 669,Dallas,TX,75201,Dallas,555-852-6924
Dr. Raj Narayan,P0235,158100534,4709 Oak St Ste 310,Anaheim,CA,92801,Orange,555-877-5636
Dr. Emily Gomez,P0071,291132524,2189 Oak St Ste 357,Atlanta,GA,30303,Fulton,555-550-6624
Dr. Luis Lee,P0247,394361413,4873 Pine Ave Ste 972,Houston,TX,77002,Harris,555-939-1533
Dr. John Gomez,P0074,704669694,3750 Elm St Ste 299,Houston,TX,77002,Harris,555-904-4844
Dr. Raj Lee,P0090,68707328,3815 Oak St Ste 385,Houston,TX,77002,Harris,555-524-7102
Dr. Deepak Brown,P0131,563278006,5503 Main St Ste 526,Houston,TX,77002,Harris,555-452-6145
Dr. Emily Khan,P0141,817396023,1471 Pine Ave Ste 619,Los Angeles,CA,90001,Los Angeles,555-710-9325
Dr. Ritu Desai,P0215,425717778,6000 Main St Ste 658,Houston,TX,77002,Harris,555-931-9929
Dr. Luis Garcia,P0098,425717778,3568 Oak St Ste 761,Irvine,CA,92602,Orange,555-965-5164
Dr. Luis Gomez,P0161,58596928,9730 Oak St Ste 330,Chicago,IL,60601,Cook,555-705-2194
Dr. Emily Desai,P0169,708541737,7299 Main St Ste 111,Dallas,TX,75201,Dallas,555-363-2918
Dr. Emily Mehta,P0001,355045710,9723 Main St Ste 179,Brooklyn,NY,11201,Kings,555-560-9594
Dr. Raj Garcia,P0211,291132524,9815 Maple Dr Ste 574,Miami,FL,33101,Miami-Dade,555-655-8657
Dr. Michael Narayan,P0229,72758201,9439 Maple Dr Ste 402,Irvine,CA,92602,Orange,555-446-4542
Dr. Luis Mehta,P0186,723871196,9361 Elm St Ste 572,Houston,TX,77002,Harris,555-421-7171
Dr. John Desai,P0070,585550522,4677 Oak St Ste 813,Los Angeles,CA,90001,Los Angeles,555-760-5773
Dr. Ritu Desai,P0170,967510419,6346 Elm St Ste 836,Los Angeles,CA,90001,Los Angeles,555-918-3815
Dr. John Lee,P0132,123800592,3103 Pine Ave Ste 389,Anaheim,CA,92801,Orange,555-773-4831
Dr. Deepak Desai,P0118,880763547,1373 Maple Dr Ste 942,Atlanta,GA,30303,Fulton,555-838-8220
Dr. Michael Brown,P0023,695204150,4172 Pine Ave Ste 931,Irvine,CA,92602,Orange,555-126-6065
Dr. Luis Garcia,P0178,72758201,8048 Elm St Ste 445,Chicago,IL,60601,Cook,555-384-4717
Dr. Ritu Brown,P0067,563278006,243 Oak St Ste 156,Irvine,CA,92602,Orange,555-206-7350
Dr. Priya Garcia,P0192,613191555,577 Elm St Ste 508,Los Angeles,CA,90001,Los Angeles,555-385-3997
Dr. Sara Singh,P0167,932995605,6006 Pine Ave Ste 396,Chicago,IL,60601,Cook,555-182-2783
Dr. John Gomez,P0225,520088981,5466 Elm St Ste 102,Houston,TX,77002,Harris,555-717-9611
Dr. Michael Singh,P0057,153164694,9280 Main St Ste 747,Anaheim,CA,92801,Orange,555-743-5618
Dr. Michael Khan,P0076,589166745,170 Oak St Ste 240,Los Angeles,CA,90001,Los Angeles,555-143-7594
Dr. Sara Patel,P0205,761203297,2408 Maple Dr Ste 975,Phoenix,AZ,85001,Maricopa,555-188-7481
Dr. Anita Patel,P0159,72758201,4208 Maple Dr Ste 104,Phoenix,AZ,85001,Maricopa,555-774-6663
Dr. Emily Patel,P0184,610260543,705 Elm St Ste 384,Houston,TX,77002,Harris,555-910-8227
Dr. Priya Patel,P0055,817396023,9007 Maple Dr Ste 933,Los Angeles,CA,90001,Los Angeles,555-659-4665
Dr. Ritu Desai,P0107,905758903,4836 Main St Ste 469,Chicago,IL,60601,Cook,555-437-1866
Dr. Luis Garcia,P0087,123800592,2317 Elm St Ste 124,Houston,TX,77002,Harris,555-113-8044
Dr. Emily Singh,P0164,532615535,2554 Oak St Ste 868,Houston,TX,77002,Harris,555-747-5801
Dr. Raj Gomez,P0208,321605095,3532 Pine Ave Ste 751,Brooklyn,NY,11201,Kings,555-408-6009
Dr. Priya Patel,P0180,223019534,9578 Elm St Ste 217,Miami,FL,33101,Miami-Dade,555-742-6973
Dr. Michael Brown,P0200,541972326,8672 Maple Dr Ste 813,Irvine,CA,92602,Orange,555-508-7361
Dr. Anita Singh,P0005,77249214,8946 Oak St Ste 922,Dallas,TX,75201,Dallas,555-918-2922
Dr. Emily Lee,P0082,291132524,5525 Pine Ave Ste 285,Phoenix,AZ,85001,Maricopa,555-609-5127
Dr. Priya Narayan,P0030,193426462,2571 Oak St Ste 545,Irvine,CA,92602,Orange,555-725-7858
Dr. Sara Desai,P0004,585550522,7232 Pine Ave Ste 467,Brooklyn,NY,11201,Kings,555-883-4584
Dr. Raj Brown,P0095,497001317,1523 Main St Ste 364,Los Angeles,CA,90001,Los Angeles,555-898-1678
Dr. Sara Gomez,P0101,144492670,1340 Oak St Ste 827,Houston,TX,77002,Harris,555-287-5517
Dr. Raj Garcia,P0014,368883053,8855 Pine Ave Ste 989,Phoenix,AZ,85001,Maricopa,555-308-3696
Dr. Sara Mehta,P0198,761203297,3869 Pine Ave Ste 982,Phoenix,AZ,85001,Maricopa,555-109-7118
Dr. Deepak Patel,P0097,68707328,8913 Maple Dr Ste 932,Anaheim,CA,92801,Orange,555-858-9719
Dr. Luis Garcia,P0034,47685680,9286 Maple Dr Ste 944,Anaheim,CA,92801,Orange,555-488-1760
Dr. Michael Desai,P0189,497001317,6442 Elm St Ste 541,Dallas,TX,75201,Dallas,555-114-8357
Dr. Michael Garcia,P0249,805533371,9561 Pine Ave Ste 322,Anaheim,CA,92801,Orange,555-126-6525
Dr. Priya Khan,P0017,805533371,3584 Maple Dr Ste 491,Irvine,CA,92602,Orange,555-861-5586
Dr. Raj Khan,P0196,695204150,6102 Pine Ave Ste 588,Dallas,TX,75201,Dallas,555-874-1676
Dr. Emily Narayan,P0104,905758903,4141 Oak St Ste 920,Dallas,TX,75201,Dallas,555-324-8763
Dr. Luis Brown,P0219,532615535,9948 Oak St Ste 503,Irvine,CA,92602,Orange,555-305-9058
Dr. Luis Patel,P0065,158100534,1596 Pine Ave Ste 896,Los Angeles,CA,90001,Los Angeles,555-920-6067
Dr. Michael Khan,P0175,2951618,235 Oak St Ste 580,Brooklyn,NY,11201,Kings,555-167-9884
Dr. Anita Narayan,P0103,708541737,914 Elm St Ste 770,Houston,TX,77002,Harris,555-952-6621
Dr. Anita Singh,P0239,535790142,1260 Main St Ste 561,Brooklyn,NY,11201,Kings,555-331-2538
Dr. Emily Gomez,P0073,918201792,5458 Maple Dr Ste 385,Miami,FL,33101,Miami-Dade,555-852-4313
Dr. Luis Lee,P0218,749072524,6808 Oak St Ste 274,Houston,TX,77002,Harris,555-575-7518
Dr. Ritu Desai,P0115,144492670,9235 Main St Ste 705,Dallas,TX,75201,Dallas,555-987-9090
Dr. Deepak Brown,P0140,42583620,6770 Main St Ste 809,Dallas,TX,75201,Dallas,555-711-8984
Dr. Ritu Lee,P0244,610260543,7381 Main St Ste 504,Chicago,IL,60601,Cook,555-491-9131
Dr. Anita Garcia,P0153,607765259,2458 Elm St Ste 709,Houston,TX,77002,Harris,555-694-1116
Dr. Michael Narayan,P0072,864319073,5571 Oak St Ste 289,Chicago,IL,60601,Cook,555-728-3356
Dr. Priya Patel,P0002,284291566,2908 Pine Ave Ste 721,Los Angeles,CA,90001,Los Angeles,555-508-5729
Dr. Emily Garcia,P0025,430797472,1071 Pine Ave Ste 687,Chicago,IL,60601,Cook,555-382-5933
Dr. Anita Desai,P0163,7487379,194 Main St Ste 120,Anaheim,CA,92801,Orange,555-819-9088
Dr. Sara Narayan,P0081,291132524,6043 Maple Dr Ste 262,Chicago,IL,60601,Cook,555-489-9086
Dr. Sara Garcia,P0008,321605095,5137 Maple Dr Ste 423,Dallas,TX,75201,Dallas,555-478-1049
Dr. Raj Desai,P0172,166481279,1463 Main St Ste 413,Chicago,IL,60601,Cook,555-847-7874
Dr. Anita Lee,P0120,284291566,6779 Main St Ste 227,Miami,FL,33101,Miami-Dade,555-144-2737
Dr. Priya Mehta,P0091,223019534,312 Main St Ste 180,Brooklyn,NY,11201,Kings,555-306-3893
Dr. Deepak Garcia,P0220,355045710,5197 Maple Dr Ste 720,Miami,FL,33101,Miami-Dade,555-230-8866
Dr. Emily Brown,P0191,875071704,4959 Pine Ave Ste 871,Los Angeles,CA,90001,Los Angeles,555-165-1650
Dr. Anita Mehta,P0123,95789725,8695 Pine Ave Ste 854,Anaheim,CA,92801,Orange,555-194-4221
Dr. Deepak Patel,P0227,301426057,2061 Oak St Ste 878,Dallas,TX,75201,Dallas,555-177-9716
Dr. John Singh,P0146,480812019,6370 Oak St Ste 918,Phoenix,AZ,85001,Maricopa,555-818-9396
Dr. Priya Narayan,P0242,749072524,5641 Maple Dr Ste 532,Phoenix,AZ,85001,Maricopa,555-746-6443
Dr. Michael Lee,P0157,394361413,2613 Main St Ste 576,Chicago,IL,60601,Cook,555-916-4351
Dr. Deepak Gomez,P0029,514733610,7732 Pine Ave Ste 202,Miami,FL,33101,Miami-Dade,555-343-5065
Dr. Anita Brown,P0158,430797472,2782 Maple Dr Ste 665,Phoenix,AZ,85001,Maricopa,555-502-1828
Dr. Michael Garcia,P0113,95789725,6285 Elm St Ste 603,Brooklyn,NY,11201,Kings,555-328-1167
Dr. John Brown,P0012,301823980,8429 Elm St Ste 396,Phoenix,AZ,85001,Maricopa,555-602-2653
Dr. John Brown,P0124,144492670,8738 Pine Ave Ste 888,Atlanta,GA,30303,Fulton,555-294-9772
Dr. Anita Patel,P0238,932995605,7942 Maple Dr Ste 484,Anaheim,CA,92801,Orange,555-583-8301
Dr. Deepak Patel,P0138,179871233,397 Oak St Ste 105,Phoenix,AZ,85001,Maricopa,555-275-3054
Dr. John Garcia,P0020,156888286,1507 Pine Ave Ste 335,Houston,TX,77002,Harris,555-714-6907
Dr. Deepak Mehta,P0128,589166745,3955 Oak St Ste 401,Chicago,IL,60601,Cook,555-748-1045
Dr. Priya Patel,P0080,514733610,9853 Maple Dr Ste 836,Dallas,TX,75201,Dallas,555-808-5552
Dr. Emily Singh,P0245,158100534,4002 Elm St Ste 251,Irvine,CA,92602,Orange,555-788-9525
Dr. Raj Desai,P0121,610260543,1653 Main St Ste 170,Dallas,TX,75201,Dallas,555-548-5665
Dr. John Gomez,P0213,223019534,3715 Oak St Ste 502,Miami,FL,33101,Miami-Dade,555-517-1240
Dr. Emily Lee,P0206,284291566,2081 Oak St Ste 421,Miami,FL,33101,Miami-Dade,555-361-9414
Dr. John Mehta,P0160,223019534,8611 Elm St Ste 709,Irvine,CA,92602,Orange,555-291-1559
Dr. Emily Desai,P0156,723871196,2123 Elm St Ste 501,Brooklyn,NY,11201,Kings,555-226-1422
Dr. Michael Singh,P0077,512060540,9126 Pine Ave Ste 584,Miami,FL,33101,Miami-Dade,555-463-6180
Dr. John Narayan,P0036,317488318,9725 Main St Ste 598,Miami,FL,33101,Miami-Dade,555-122-4277
Dr. Ritu Mehta,P0155,532615535,1851 Elm St Ste 496,Dallas,TX,75201,Dallas,555-437-2345
Dr. Anita Lee,P0162,480812019,2475 Oak St Ste 174,Los Angeles,CA,90001,Los Angeles,555-153-5814
Dr. Michael Garcia,P0228,538517216,1356 Main St Ste 669,Dallas,TX,75201,Dallas,555-789-8016
Dr. Emily Khan,P0223,95789725,7645 Maple Dr Ste 306,Phoenix,AZ,85001,Maricopa,555-860-5114
Dr. John Khan,P0096,179871233,1243 Maple Dr Ste 827,Chicago,IL,60601,Cook,555-510-7401
Dr. Anita Gomez,P0165,520088981,2967 Main St Ste 458,Houston,TX,77002,Harris,555-618-3760
Dr. Raj Narayan,P0056,589166745,9534 Oak St Ste 356,Los Angeles,CA,90001,Los Angeles,555-393-2933
Dr. Anita Garcia,P0246,465126986,7085 Main St Ste 728,Houston,TX,77002,Harris,555-134-2778
Dr. Michael Patel,P0092,349631229,6433 Main St Ste 102,Anaheim,CA,92801,Orange,555-988-2202
Dr. Anita Gomez,P0143,425717778,1274 Main St Ste 257,Dallas,TX,75201,Dallas,555-247-2275
Dr. Raj Gomez,P0046,805533371,5028 Elm St Ste 973,Los Angeles,CA,90001,Los Angeles,555-588-2217
Dr. Sara Narayan,P0130,321605095,2264 Pine Ave Ste 210,Miami,FL,33101,Miami-Dade,555-551-7815
Dr. Luis Mehta,P0195,640852816,1869 Elm St Ste 789,Miami,FL,33101,Miami-Dade,555-327-1222
Dr. Ritu Singh,P0114,80437774,3894 Maple Dr Ste 512,Phoenix,AZ,85001,Maricopa,555-165-5657
Dr. Sara Garcia,P0193,223019534,100 Main St Ste 113,Chicago,IL,60601,Cook,555-981-4855
Dr. Deepak Desai,P0187,223019534,3520 Main St Ste 709,Chicago,IL,60601,Cook,555-928-8565
Dr. Luis Desai,P0037,208041844,8613 Pine Ave Ste 393,Anaheim,CA,92801,Orange,555-241-7776
Dr. Luis Narayan,P0122,721662539,2705 Oak St Ste 450,Atlanta,GA,30303,Fulton,555-998-6134
Dr. Deepak Singh,P0099,58596928,8422 Pine Ave Ste 588,Houston,TX,77002,Harris,555-424-6235
Dr. John Garcia,P0040,607765259,6880 Oak St Ste 968,Houston,TX,77002,Harris,555-197-4493
Dr. Anita Brown,P0176,193426462,106 Maple Dr Ste 623,Atlanta,GA,30303,Fulton,555-394-9106
Dr. Raj Singh,P0150,805533371,6283 Pine Ave Ste 472,Brooklyn,NY,11201,Kings,555-559-8313
Dr. Michael Lee,P0078,291132524,1688 Elm St Ste 890,Miami,FL,33101,Miami-Dade,555-357-8778
Dr. Sara Gomez,P0190,805533371,4524 Elm St Ste 474,Los Angeles,CA,90001,Los Angeles,555-856-9295
Dr. Michael Khan,P0047,304020885,2164 Pine Ave Ste 199,Houston,TX,77002,Harris,555-232-3607
Dr. Priya Narayan,P0182,480812019,4978 Main St Ste 568,Irvine,CA,92602,Orange,555-752-6491
Dr. Priya Lee,P0084,140949012,6884 Elm St Ste 221,Los Angeles,CA,90001,Los Angeles,555-245-8630
Dr. Anita Brown,P0119,480812019,5381 Maple Dr Ste 715,Atlanta,GA,30303,Fulton,555-701-3109
Dr. Raj Lee,P0013,541972326,7701 Elm St Ste 909,Irvine,CA,92602,Orange,555-220-8258
Dr. Anita Garcia,P0010,932995605,7078 Pine Ave Ste 808,Irvine,CA,92602,Orange,555-364-1861
Dr. Michael Gomez,P0209,80437774,4277 Elm St Ste 949,Anaheim,CA,92801,Orange,555-114-1349
Dr. Emily Patel,P0216,915733896,1166 Oak St Ste 801,Anaheim,CA,92801,Orange,555-617-9550
Dr. Luis Khan,P0214,695204150,5309 Elm St Ste 304,Irvine,CA,92602,Orange,555-482-8272
Dr. John Patel,P0112,640852816,7559 Maple Dr Ste 794,Anaheim,CA,92801,Orange,555-846-7008
Dr. Michael Mehta,P0149,932995605,8189 Pine Ave Ste 718,Atlanta,GA,30303,Fulton,555-274-7077
Dr. Sara Mehta,P0109,58596928,7588 Elm St Ste 727,Dallas,TX,75201,Dallas,555-108-7800
Dr. Michael Singh,P0052,158100534,4120 Maple Dr Ste 810,Atlanta,GA,30303,Fulton,555-714-1430
Dr. John Mehta,P0151,321605095,6617 Oak St Ste 435,Irvine,CA,92602,Orange,555-430-9593
Dr. Michael Desai,P0058,465126986,9323 Elm St Ste 640,Irvine,CA,92602,Orange,555-160-9984
Dr. Michael Gomez,P0210,80437774,4379 Oak St Ste 333,Los Angeles,CA,90001,Los Angeles,555-175-5885
Dr. Deepak Narayan,P0181,723871196,3671 Pine Ave Ste 692,Miami,FL,33101,Miami-Dade,555-672-1079
Dr. Anita Desai,P0064,488391846,4522 Elm St Ste 979,Dallas,TX,75201,Dallas,555-669-1379
Dr. Anita Khan,P0204,317488318,4217 Elm St Ste 956,Chicago,IL,60601,Cook,555-749-4829
Dr. Priya Garcia,P0134,301823980,1549 Oak St Ste 563,Phoenix,AZ,85001,Maricopa,555-776-8072
Dr. Michael Mehta,P0201,68707328,8288 Elm St Ste 930,Dallas,TX,75201,Dallas,555-296-2135
Dr. Sara Lee,P0043,430797472,8296 Maple Dr Ste 294,Irvine,CA,92602,Orange,555-963-3964
Dr. Emily Gomez,P0241,47685680,8316 Oak St Ste 786,Los Angeles,CA,90001,Los Angeles,555-823-2650
Dr. Ritu Khan,P0007,520088981,7973 Oak St Ste 615,Phoenix,AZ,85001,Maricopa,555-266-6709
Dr. Michael Khan,P0015,880763547,432 Pine Ave Ste 504,Chicago,IL,60601,Cook,555-436-2410
Dr. Luis Khan,P0075,805533371,6606 Main St Ste 287,Atlanta,GA,30303,Fulton,555-843-1046
Dr. Emily Brown,P0142,497001317,8177 Main St Ste 192,Irvine,CA,92602,Orange,555-329-2570
Dr. Michael Brown,P0108,42583620,3812 Pine Ave Ste 161,Chicago,IL,60601,Cook,555-371-3086
