Provider_ID,Members,BP_Control_Rate,A1c_Control_Rate,LDL_Control_Rate,BCS_Closure,COL_Closure,KED_Closure,SPC_Closure,CBP_Closure,ER_Visits_per_1000,Admit_Rate_per_1000,Readmission_Rate,Avg_PMPM,Avg_HCC_Count,AWV_Rate,Recapture_Rate,Depression_Screening_Rate,FUH_Rate,Avg_SDOH_Burden,Chronic_Score,Preventive_Score,Care_Coordination_Score,Behavioral_Score,Equity_Adjusted,Composite_VBC_Score,Provider_Tier
P0001,61,0.8524590163934426,1.0,0.4098360655737705,,,,,,0.0,0.0,0.0,705.528379512475,2.4754098360655736,1.0,1.0,1.0,1.0,0.4371584699453552,0.7540983606557378,,1.0,1.0,0.7103825136612022,,Gold
P0002,63,0.9047619047619048,1.0,0.5555555555555556,,,,,,0.0,0.0,0.0,706.8673033486474,2.5555555555555554,1.0,1.0,1.0,1.0,0.5291005291005291,0.8201058201058201,,1.0,1.0,0.7671957671957672,,Gold
P0003,58,0.8448275862068966,0.9827586206896551,0.5689655172413793,,,,,,0.0,0.0,0.0,704.4152722789576,2.413793103448276,1.0,1.0,1.0,1.0,0.4597701149425287,0.7988505747126436,,1.0,1.0,0.7528735632183907,,Gold
P0004,75,0.92,0.9866666666666667,0.52,,,,,,0.0,0.0,0.0,703.3127576022747,2.56,1.0,1.0,1.0,1.0,0.5155555555555555,0.8088888888888889,,1.0,1.0,0.7573333333333333,,Gold
P0005,59,0.864406779661017,1.0,0.4576271186440678,,,,,,0.0,0.0,0.0,704.999884725172,2.6779661016949152,1.0,1.0,1.0,1.0,0.4971751412429378,0.7740112994350282,,1.0,1.0,0.7242937853107344,,Gold
P0006,63,0.873015873015873,0.9682539682539683,0.5079365079365079,,,,,,0.0,0.0,0.0,699.2752601473884,2.4603174603174605,1.0,1.0,1.0,1.0,0.48677248677248675,0.7830687830687831,,1.0,1.0,0.7343915343915345,,Gold
P0007,65,0.9230769230769231,0.9846153846153847,0.38461538461538464,,,,,,0.0,0.0,0.0,697.011287317963,2.5076923076923077,1.0,1.0,1.0,1.0,0.5794871794871794,0.7641025641025642,,1.0,1.0,0.7061538461538462,,Gold
P0008,69,0.8405797101449275,0.9855072463768116,0.4492753623188406,,,,,,0.0,0.0,0.0,695.8369251403466,2.536231884057971,1.0,1.0,1.0,1.0,0.5265700483091786,0.7584541062801934,,1.0,1.0,0.7057971014492755,,Gold
P0009,64,0.96875,1.0,0.46875,,,,,,0.0,0.0,0.0,677.799497048054,2.625,1.0,1.0,1.0,1.0,0.5,0.8125,,1.0,1.0,0.7625,,Gold
P0010,54,0.8518518518518519,1.0,0.3888888888888889,,,,,,0.0,0.0,0.0,695.4382705420018,2.3333333333333335,1.0,1.0,1.0,1.0,0.4691358024691358,0.7469135802469137,,1.0,1.0,0.7000000000000001,,Gold
P0011,49,0.8571428571428571,1.0,0.4897959183673469,,,,,,0.0,0.0,0.0,700.4542512619432,2.2448979591836733,1.0,1.0,1.0,1.0,0.4965986394557823,0.7823129251700681,,1.0,1.0,0.7326530612244899,,Gold
P0012,70,0.8,1.0,0.5714285714285714,,,,,,0.0,0.0,0.0,700.3653133699311,2.942857142857143,1.0,1.0,1.0,1.0,0.4904761904761904,0.7904761904761904,,1.0,1.0,0.7414285714285714,,Gold
P0013,72,0.875,0.9861111111111112,0.4305555555555556,,,,,,0.0,0.0,0.0,720.7390857670621,2.2916666666666665,1.0,1.0,1.0,1.0,0.4583333333333333,0.763888888888889,,1.0,1.0,0.7180555555555557,,Gold
P0014,51,0.8627450980392157,1.0,0.47058823529411764,,,,,,0.0,0.0,0.0,711.7806267973408,2.4313725490196076,1.0,1.0,1.0,1.0,0.47058823529411764,0.7777777777777778,,1.0,1.0,0.7307189542483661,,Gold
P0015,52,0.8653846153846154,1.0,0.46153846153846156,,,,,,0.0,0.0,0.0,705.144690255386,2.6923076923076925,1.0,1.0,1.0,1.0,0.49358974358974356,0.7756410256410257,,1.0,1.0,0.7262820512820513,,Gold
P0016,44,0.8636363636363636,1.0,0.5227272727272727,,,,,,0.0,0.0,0.0,712.7543362677425,2.409090909090909,1.0,1.0,1.0,1.0,0.5,0.7954545454545455,,1.0,1.0,0.7454545454545455,,Gold
P0017,74,0.9054054054054054,0.972972972972973,0.527027027027027,,,,,,0.0,0.0,0.0,718.5964861329608,2.2837837837837838,1.0,1.0,1.0,1.0,0.48198198198198194,0.8018018018018017,,1.0,1.0,0.7536036036036036,,Gold
P0018,64,0.921875,1.0,0.484375,,,,,,0.0,0.0,0.0,696.4502660495725,2.53125,1.0,1.0,1.0,1.0,0.4895833333333333,0.8020833333333334,,1.0,1.0,0.753125,,Gold
P0019,48,0.8541666666666666,1.0,0.4791666666666667,,,,,,0.0,0.0,0.0,707.5795684068868,3.0833333333333335,1.0,1.0,1.0,1.0,0.4861111111111111,0.7777777777777777,,1.0,1.0,0.7291666666666665,,Gold
P0020,62,0.8387096774193549,1.0,0.4838709677419355,,,,,,0.0,0.0,0.0,700.9888711320215,2.3870967741935485,1.0,1.0,1.0,1.0,0.45698924731182794,0.7741935483870969,,1.0,1.0,0.7284946236559141,,Gold
P0021,61,0.9180327868852459,0.9836065573770492,0.5409836065573771,,,,,,0.0,0.0,0.0,693.5449112304348,2.3114754098360657,1.0,1.0,1.0,1.0,0.45901639344262296,0.814207650273224,,1.0,1.0,0.7683060109289617,,Gold
P0022,38,0.8947368421052632,0.9736842105263158,0.5789473684210527,,,,,,0.0,0.0,0.0,698.6997377937665,2.4210526315789473,1.0,1.0,1.0,1.0,0.4385964912280701,0.8157894736842106,,1.0,1.0,0.7719298245614036,,Gold
P0023,61,0.8688524590163934,1.0,0.47540983606557374,,,,,,0.0,0.0,0.0,710.2820934952576,2.622950819672131,1.0,1.0,1.0,1.0,0.4918032786885246,0.7814207650273223,,1.0,1.0,0.7322404371584699,,Gold
P0024,59,0.847457627118644,0.9830508474576272,0.5423728813559322,,,,,,0.0,0.0,0.0,692.5010667483948,2.4745762711864407,1.0,1.0,1.0,1.0,0.423728813559322,0.7909604519774011,,1.0,1.0,0.7485875706214689,,Gold
P0025,55,0.9272727272727272,1.0,0.4727272727272727,,,,,,0.0,0.0,0.0,709.7849014719347,2.290909090909091,1.0,1.0,1.0,1.0,0.47878787878787876,0.7999999999999999,,1.0,1.0,0.7521212121212121,,Gold
P0026,74,0.9324324324324325,0.972972972972973,0.4594594594594595,,,,,,0.0,0.0,0.0,694.0310942040442,2.418918918918919,1.0,1.0,1.0,1.0,0.5,0.7882882882882883,,1.0,1.0,0.7382882882882883,,Gold
P0027,63,0.9523809523809523,0.9682539682539683,0.47619047619047616,,,,,,0.0,0.0,0.0,709.7682312188571,2.5873015873015874,1.0,1.0,1.0,1.0,0.5132275132275133,0.798941798941799,,1.0,1.0,0.7476190476190476,,Gold
P0028,54,0.8888888888888888,0.9814814814814815,0.42592592592592593,,,,,,0.0,0.0,0.0,712.4405285938813,2.4814814814814814,1.0,1.0,1.0,1.0,0.49382716049382713,0.7654320987654321,,1.0,1.0,0.7160493827160493,,Gold
P0029,57,0.8947368421052632,0.9824561403508771,0.45614035087719296,,,,,,0.0,0.0,0.0,702.206308816208,2.3684210526315788,1.0,1.0,1.0,1.0,0.5263157894736842,0.7777777777777778,,1.0,1.0,0.7251461988304093,,Gold
P0030,55,0.9090909090909091,0.9818181818181818,0.4727272727272727,,,,,,0.0,0.0,0.0,684.2404461279124,2.290909090909091,1.0,1.0,1.0,1.0,0.5696969696969697,0.787878787878788,,1.0,1.0,0.730909090909091,,Gold
P0031,52,0.9423076923076923,0.9807692307692307,0.46153846153846156,,,,,,0.0,0.0,0.0,724.6406255933377,2.25,1.0,1.0,1.0,1.0,0.5192307692307693,0.7948717948717948,,1.0,1.0,0.7429487179487179,,Gold
P0032,59,0.847457627118644,1.0,0.4915254237288136,,,,,,0.0,0.0,0.0,693.7233326965346,2.5084745762711864,1.0,1.0,1.0,1.0,0.4406779661016949,0.7796610169491526,,1.0,1.0,0.7355932203389831,,Gold
P0033,53,0.8679245283018868,1.0,0.37735849056603776,,,,,,0.0,0.0,0.0,710.3264187836076,2.3207547169811322,1.0,1.0,1.0,1.0,0.4842767295597484,0.7484276729559749,,1.0,1.0,0.7000000000000001,,Gold
P0034,60,0.8833333333333333,1.0,0.55,,,,,,0.0,0.0,0.0,698.2111696807158,2.466666666666667,1.0,1.0,1.0,1.0,0.4666666666666667,0.8111111111111112,,1.0,1.0,0.7644444444444446,,Gold
P0035,56,0.9285714285714286,1.0,0.5714285714285714,,,,,,0.0,0.0,0.0,702.1425118351581,1.6607142857142858,1.0,1.0,1.0,1.0,0.42857142857142855,0.8333333333333334,,1.0,1.0,0.7904761904761906,,Gold
P0036,73,0.8356164383561644,0.9863013698630136,0.5616438356164384,,,,,,0.0,0.0,0.0,695.5662267377377,2.712328767123288,1.0,1.0,1.0,1.0,0.5342465753424658,0.7945205479452054,,1.0,1.0,0.7410958904109588,,Gold
P0037,71,0.8732394366197183,0.9577464788732394,0.5211267605633803,,,,,,0.0,0.0,0.0,689.1480880459904,2.816901408450704,1.0,1.0,1.0,1.0,0.5727699530516431,0.784037558685446,,1.0,1.0,0.7267605633802817,,Gold
P0038,49,0.8979591836734694,1.0,0.5918367346938775,,,,,,0.0,0.0,0.0,717.8890245562724,2.816326530612245,1.0,1.0,1.0,1.0,0.5306122448979592,0.8299319727891157,,1.0,1.0,0.7768707482993198,,Gold
P0039,53,0.9245283018867925,0.9811320754716981,0.660377358490566,,,,,,0.0,0.0,0.0,691.8453984183897,2.4716981132075473,1.0,1.0,1.0,1.0,0.4465408805031446,0.8553459119496855,,1.0,1.0,0.810691823899371,,Gold
P0040,44,0.8181818181818182,1.0,0.4772727272727273,,,,,,0.0,0.0,0.0,699.9405149267733,2.409090909090909,1.0,1.0,1.0,1.0,0.5681818181818182,0.7651515151515152,,1.0,1.0,0.7083333333333335,,Gold
P0041,62,0.8709677419354839,0.9838709677419355,0.4032258064516129,,,,,,0.0,0.0,0.0,701.225343164349,2.6451612903225805,1.0,1.0,1.0,1.0,0.45698924731182794,0.7526881720430109,,1.0,1.0,0.7069892473118281,,Gold
P0042,55,0.8727272727272727,1.0,0.5636363636363636,,,,,,0.0,0.0,0.0,708.9873430793759,1.9090909090909092,1.0,1.0,1.0,1.0,0.5393939393939393,0.812121212121212,,1.0,1.0,0.7581818181818181,,Gold
P0043,62,0.8709677419354839,0.9838709677419355,0.5161290322580645,,,,,,0.0,0.0,0.0,697.3570609267151,3.0806451612903225,1.0,1.0,1.0,1.0,0.44086021505376344,0.7903225806451614,,1.0,1.0,0.746236559139785,,Gold
P0044,66,0.8333333333333334,1.0,0.6515151515151515,,,,,,0.0,0.0,0.0,676.7526384059183,2.893939393939394,1.0,1.0,1.0,1.0,0.45454545454545453,0.8282828282828283,,1.0,1.0,0.7828282828282829,,Gold
P0045,47,0.7872340425531915,1.0,0.5106382978723404,,,,,,0.0,0.0,0.0,696.8234669747428,2.276595744680851,1.0,1.0,1.0,1.0,0.5106382978723404,0.7659574468085105,,1.0,1.0,0.7148936170212765,,Gold
P0046,64,0.8125,1.0,0.5,,,,,,0.0,0.0,0.0,711.9789168847263,2.28125,1.0,1.0,1.0,1.0,0.5,0.7708333333333334,,1.0,1.0,0.7208333333333333,,Gold
P0047,51,0.8431372549019608,1.0,0.5098039215686274,,,,,,0.0,0.0,0.0,695.6353910963364,2.4901960784313726,1.0,1.0,1.0,1.0,0.3986928104575163,0.7843137254901961,,1.0,1.0,0.7444444444444445,,Gold
P0048,62,0.9032258064516129,1.0,0.5161290322580645,,,,,,0.0,0.0,0.0,696.92939534158,2.3548387096774195,1.0,1.0,1.0,1.0,0.5268817204301075,0.8064516129032259,,1.0,1.0,0.7537634408602151,,Gold
P0049,62,0.8870967741935484,0.9516129032258065,0.5806451612903226,,,,,,0.0,0.0,0.0,707.6344316683919,2.306451612903226,1.0,1.0,1.0,1.0,0.47849462365591394,0.8064516129032259,,1.0,1.0,0.7586021505376345,,Gold
P0050,61,0.8524590163934426,1.0,0.4918032786885246,,,,,,0.0,0.0,0.0,704.2162920416733,2.3278688524590163,1.0,1.0,1.0,1.0,0.47540983606557374,0.7814207650273225,,1.0,1.0,0.7338797814207652,,Gold
P0051,47,0.48936170212765956,0.723404255319149,0.06382978723404255,,,,,,340.4255319148936,191.48936170212767,0.5319148936170213,904.6115975409849,2.5106382978723403,0.46808510638297873,0.5106382978723404,1.0,0.46808510638297873,0.48936170212765956,0.425531914893617,,0.46808510638297873,1.0,0.37659574468085105,,Silver
P0052,68,0.47058823529411764,0.8088235294117647,0.08823529411764706,,,,,,352.94117647058823,102.94117647058823,0.38235294117647056,908.2811726959042,2.6176470588235294,0.45588235294117646,0.5294117647058824,1.0,0.5588235294117647,0.5,0.4558823529411764,,0.5588235294117647,1.0,0.4058823529411764,,Silver
P0053,67,0.4626865671641791,0.7910447761194029,0.13432835820895522,,,,,,313.43283582089555,119.40298507462687,0.4925373134328358,895.2469082815505,2.1343283582089554,0.5074626865671642,0.5373134328358209,1.0,0.5373134328358209,0.5174129353233831,0.4626865671641791,,0.5373134328358209,1.0,0.4109452736318408,,Silver
P0054,49,0.40816326530612246,0.7551020408163265,0.061224489795918366,,,,,,448.9795918367347,142.85714285714286,0.5102040816326531,901.190003461726,2.5714285714285716,0.5102040816326531,0.46938775510204084,1.0,0.5306122448979592,0.45578231292517,0.40816326530612246,,0.5306122448979592,1.0,0.3625850340136054,,Silver
P0055,63,0.4444444444444444,0.7301587301587301,0.07936507936507936,,,,,,349.20634920634916,269.8412698412698,0.49206349206349204,885.5364205428687,2.8412698412698414,0.5238095238095238,0.47619047619047616,1.0,0.5238095238095238,0.48677248677248675,0.4179894179894179,,0.5238095238095238,1.0,0.36931216931216926,,Silver
P0056,71,0.43661971830985913,0.704225352112676,0.07042253521126761,,,,,,366.19718309859155,253.52112676056336,0.5211267605633803,906.0582209721243,2.647887323943662,0.5492957746478874,0.5211267605633803,1.0,0.5492957746478874,0.49295774647887325,0.4037558685446008,,0.5492957746478874,1.0,0.3544600938967135,,Silver
P0057,65,0.5692307692307692,0.8153846153846154,0.13846153846153847,,,,,,476.92307692307696,215.3846153846154,0.47692307692307695,890.3208857853173,2.1076923076923078,0.4461538461538462,0.6153846153846154,1.0,0.5538461538461539,0.5384615384615384,0.5076923076923077,,0.5538461538461539,1.0,0.4538461538461538,,Silver
P0058,65,0.5692307692307692,0.6923076923076923,0.06153846153846154,,,,,,400.0,276.92307692307696,0.46153846153846156,896.8958801244006,2.292307692307692,0.5384615384615384,0.4153846153846154,1.0,0.5692307692307692,0.5333333333333333,0.441025641025641,,0.5692307692307692,1.0,0.38769230769230767,,Silver
P0059,71,0.49295774647887325,0.7746478873239436,0.08450704225352113,,,,,,422.53521126760563,169.01408450704224,0.5070422535211268,894.8579050311655,2.816901408450704,0.5352112676056338,0.4507042253521127,1.0,0.5915492957746479,0.4976525821596243,0.4507042253521127,,0.5915492957746479,1.0,0.40093896713615024,,Silver
P0060,46,0.5217391304347826,0.782608695652174,0.10869565217391304,,,,,,456.52173913043475,108.69565217391305,0.5434782608695652,898.2943842417039,2.5869565217391304,0.5434782608695652,0.5,1.0,0.41304347826086957,0.46376811594202894,0.4710144927536232,,0.41304347826086957,1.0,0.42463768115942035,,Silver
P0061,49,0.30612244897959184,0.6938775510204082,0.061224489795918366,,,,,,469.38775510204084,163.26530612244898,0.5918367346938775,903.2782368785555,2.0816326530612246,0.5102040816326531,0.5306122448979592,1.0,0.5714285714285714,0.564625850340136,0.35374149659863946,,0.5714285714285714,1.0,0.2972789115646258,,Silver
P0062,50,0.34,0.9,0.12,,,,,,400.0,220.0,0.54,895.2166827653662,2.5,0.48,0.76,1.0,0.42,0.4666666666666666,0.4533333333333333,,0.42,1.0,0.4066666666666666,,Silver
P0063,70,0.4857142857142857,0.7,0.07142857142857142,,,,,,457.1428571428571,128.57142857142856,0.4142857142857143,906.8549132787916,2.3285714285714287,0.5,0.42857142857142855,1.0,0.45714285714285713,0.5,0.41904761904761906,,0.45714285714285713,1.0,0.36904761904761907,,Silver
P0064,74,0.581081081081081,0.7837837837837838,0.05405405405405406,,,,,,391.8918918918919,243.24324324324326,0.43243243243243246,911.602367248547,2.689189189189189,0.4594594594594595,0.47297297297297297,1.0,0.5675675675675675,0.46846846846846846,0.47297297297297297,,0.5675675675675675,1.0,0.4261261261261261,,Silver
P0065,64,0.375,0.75,0.109375,,,,,,546.875,109.375,0.53125,902.6440420165432,3.03125,0.484375,0.421875,1.0,0.515625,0.4895833333333333,0.4114583333333333,,0.515625,1.0,0.3625,,Silver
P0066,66,0.5909090909090909,0.6666666666666666,0.13636363636363635,,,,,,409.0909090909091,151.51515151515153,0.5757575757575758,890.5926503432274,2.4545454545454546,0.5909090909090909,0.4696969696969697,1.0,0.4696969696969697,0.5252525252525252,0.4646464646464647,,0.4696969696969697,1.0,0.41212121212121217,,Silver
P0067,64,0.5625,0.703125,0.046875,,,,,,437.5,265.625,0.453125,882.4740814941446,2.71875,0.53125,0.484375,1.0,0.5625,0.546875,0.4375,,0.5625,1.0,0.3828125,,Silver
P0068,52,0.5769230769230769,0.7884615384615384,0.09615384615384616,,,,,,480.7692307692308,192.30769230769232,0.5,895.7457383337636,2.75,0.5192307692307693,0.5384615384615384,1.0,0.6538461538461539,0.48717948717948717,0.4871794871794872,,0.6538461538461539,1.0,0.4384615384615385,,Silver
P0069,67,0.4925373134328358,0.8656716417910447,0.14925373134328357,,,,,,328.35820895522386,149.25373134328356,0.5074626865671642,894.7817244115312,2.5522388059701493,0.5074626865671642,0.373134328358209,1.0,0.5671641791044776,0.5323383084577115,0.5024875621890547,,0.5671641791044776,1.0,0.4492537313432835,,Silver
P0070,63,0.5714285714285714,0.7301587301587301,0.1111111111111111,,,,,,396.8253968253968,301.58730158730157,0.6031746031746031,926.572354355809,2.5873015873015874,0.4603174603174603,0.5396825396825397,1.0,0.5079365079365079,0.455026455026455,0.4708994708994709,,0.5079365079365079,1.0,0.4253968253968254,,Silver
P0071,63,0.4126984126984127,0.6666666666666666,0.06349206349206349,,,,,,349.20634920634916,238.09523809523807,0.38095238095238093,882.2013470213318,2.873015873015873,0.4603174603174603,0.5396825396825397,1.0,0.5396825396825397,0.4708994708994709,0.38095238095238093,,0.5396825396825397,1.0,0.33386243386243386,,Silver
P0072,63,0.3968253968253968,0.7777777777777778,0.015873015873015872,,,,,,444.4444444444444,158.73015873015873,0.5238095238095238,891.5674909139024,2.3492063492063493,0.5555555555555556,0.5079365079365079,1.0,0.5873015873015873,0.48148148148148145,0.3968253968253968,,0.5873015873015873,1.0,0.34867724867724864,,Silver
P0073,52,0.36538461538461536,0.6730769230769231,0.09615384615384616,,,,,,288.46153846153845,269.2307692307692,0.4230769230769231,881.0058928326829,2.8076923076923075,0.46153846153846156,0.46153846153846156,1.0,0.5192307692307693,0.41025641025641024,0.37820512820512825,,0.5192307692307693,1.0,0.3371794871794872,,Silver
P0074,50,0.48,0.72,0.06,,,,,,300.0,260.0,0.5,888.7667075119795,2.58,0.48,0.42,1.0,0.56,0.5333333333333333,0.42,,0.56,1.0,0.36666666666666664,,Silver
P0075,47,0.6382978723404256,0.5957446808510638,0.06382978723404255,,,,,,617.0212765957447,148.93617021276594,0.5106382978723404,904.513081613688,2.4893617021276597,0.5106382978723404,0.7659574468085106,1.0,0.5957446808510638,0.5177304964539007,0.4326241134751773,,0.5957446808510638,1.0,0.38085106382978723,,Silver
P0076,62,0.3548387096774194,0.7096774193548387,0.0967741935483871,,,,,,306.4516129032258,145.16129032258067,0.43548387096774194,902.8255453372774,2.4193548387096775,0.5,0.532258064516129,1.0,0.45161290322580644,0.49462365591397844,0.3870967741935483,,0.45161290322580644,1.0,0.3376344086021505,,Silver
P0077,52,0.5961538461538461,0.6730769230769231,0.057692307692307696,,,,,,384.61538461538464,211.53846153846155,0.46153846153846156,905.0431162995841,2.6346153846153846,0.5384615384615384,0.5576923076923077,1.0,0.5192307692307693,0.49358974358974356,0.4423076923076923,,0.5192307692307693,1.0,0.39294871794871794,,Silver
P0078,57,0.631578947368421,0.7017543859649122,0.07017543859649122,,,,,,350.8771929824561,298.2456140350877,0.5087719298245614,895.1370593021968,2.4035087719298245,0.47368421052631576,0.5263157894736842,1.0,0.42105263157894735,0.5029239766081871,0.4678362573099415,,0.42105263157894735,1.0,0.4175438596491228,,Silver
P0079,57,0.5087719298245614,0.7017543859649122,0.05263157894736842,,,,,,333.3333333333333,228.07017543859646,0.5087719298245614,893.4209275995419,2.56140350877193,0.43859649122807015,0.5263157894736842,1.0,0.5614035087719298,0.4678362573099415,0.42105263157894735,,0.5614035087719298,1.0,0.3742690058479532,,Silver
P0080,54,0.4074074074074074,0.7777777777777778,0.1111111111111111,,,,,,333.3333333333333,166.66666666666666,0.46296296296296297,907.3028669853775,2.4814814814814814,0.42592592592592593,0.5925925925925926,1.0,0.5555555555555556,0.5123456790123456,0.43209876543209874,,0.5555555555555556,1.0,0.3808641975308642,,Silver
P0081,66,0.45454545454545453,0.7424242424242424,0.06060606060606061,,,,,,363.6363636363636,166.66666666666666,0.5151515151515151,883.823389850527,2.303030303030303,0.5,0.5454545454545454,1.0,0.5151515151515151,0.4696969696969697,0.41919191919191917,,0.5151515151515151,1.0,0.3722222222222222,,Silver
P0082,56,0.48214285714285715,0.6785714285714286,0.08928571428571429,,,,,,464.2857142857143,214.28571428571428,0.44642857142857145,899.9487316616779,2.75,0.39285714285714285,0.4642857142857143,1.0,0.4642857142857143,0.48214285714285715,0.4166666666666667,,0.4642857142857143,1.0,0.368452380952381,,Silver
P0083,49,0.3673469387755102,0.673469387755102,0.12244897959183673,,,,,,367.34693877551024,204.08163265306123,0.4897959183673469,881.6921263416749,2.0816326530612246,0.4489795918367347,0.5714285714285714,1.0,0.4489795918367347,0.5442176870748299,0.3877551020408163,,0.4489795918367347,1.0,0.3333333333333333,,Silver
P0084,69,0.42028985507246375,0.7536231884057971,0.057971014492753624,,,,,,478.26086956521743,173.91304347826087,0.6086956521739131,873.5907369314727,2.289855072463768,0.5362318840579711,0.5072463768115942,1.0,0.42028985507246375,0.5072463768115942,0.4106280193236715,,0.42028985507246375,1.0,0.35990338164251207,,Silver
P0085,55,0.2545454545454545,0.6727272727272727,0.16363636363636364,,,,,,290.9090909090909,218.18181818181816,0.509090909090909,875.2120540441334,2.327272727272727,0.5454545454545454,0.4909090909090909,1.0,0.5636363636363636,0.5878787878787878,0.3636363636363636,,0.5636363636363636,1.0,0.3048484848484848,,Silver
P0086,52,0.4807692307692308,0.6923076923076923,0.09615384615384616,,,,,,250.0,230.76923076923077,0.5576923076923077,902.8228965031274,2.519230769230769,0.5,0.46153846153846156,1.0,0.5192307692307693,0.5192307692307693,0.42307692307692313,,0.5192307692307693,1.0,0.37115384615384617,,Silver
P0087,57,0.43859649122807015,0.7368421052631579,0.08771929824561403,,,,,,315.7894736842105,192.98245614035088,0.45614035087719296,895.3344612859049,2.2280701754385963,0.42105263157894735,0.5789473684210527,1.0,0.42105263157894735,0.5789473684210527,0.42105263157894735,,0.42105263157894735,1.0,0.36315789473684207,,Silver
P0088,51,0.49019607843137253,0.7058823529411765,0.11764705882352941,,,,,,352.94117647058823,78.43137254901961,0.4117647058823529,896.1662492301886,2.5098039215686274,0.5490196078431373,0.5490196078431373,1.0,0.45098039215686275,0.43790849673202614,0.43790849673202614,,0.45098039215686275,1.0,0.3941176470588235,,Silver
P0089,62,0.4838709677419355,0.7741935483870968,0.03225806451612903,,,,,,467.7419354838709,161.29032258064515,0.41935483870967744,905.9659489921376,2.435483870967742,0.532258064516129,0.5483870967741935,1.0,0.5645161290322581,0.46774193548387094,0.43010752688172044,,0.5645161290322581,1.0,0.38333333333333336,,Silver
P0090,52,0.5384615384615384,0.8076923076923077,0.11538461538461539,,,,,,307.69230769230774,192.30769230769232,0.5,913.9847495842564,2.2884615384615383,0.4807692307692308,0.5192307692307693,1.0,0.5384615384615384,0.46794871794871795,0.4871794871794872,,0.5384615384615384,1.0,0.44038461538461543,,Silver
P0091,51,0.45098039215686275,0.7647058823529411,0.13725490196078433,,,,,,529.4117647058823,196.078431372549,0.47058823529411764,887.0088332955744,2.3333333333333335,0.5882352941176471,0.4117647058823529,1.0,0.43137254901960786,0.5098039215686274,0.4509803921568627,,0.43137254901960786,1.0,0.39999999999999997,,Silver
P0092,56,0.375,0.75,0.10714285714285714,,,,,,482.14285714285717,160.71428571428572,0.5892857142857143,892.2039476066949,2.517857142857143,0.48214285714285715,0.48214285714285715,1.0,0.5,0.4523809523809524,0.41071428571428575,,0.5,1.0,0.3654761904761905,,Silver
P0093,61,0.4098360655737705,0.7377049180327869,0.14754098360655737,,,,,,524.5901639344263,278.6885245901639,0.5737704918032787,893.6391636722193,2.901639344262295,0.47540983606557374,0.5081967213114754,1.0,0.6885245901639344,0.4972677595628415,0.43169398907103823,,0.6885245901639344,1.0,0.38196721311475407,,Silver
P0094,69,0.36231884057971014,0.782608695652174,0.11594202898550725,,,,,,449.27536231884056,115.94202898550725,0.391304347826087,897.0377915384856,2.536231884057971,0.43478260869565216,0.5797101449275363,1.0,0.5072463768115942,0.5507246376811594,0.4202898550724638,,0.5072463768115942,1.0,0.3652173913043478,,Silver
P0095,65,0.47692307692307695,0.6461538461538462,0.06153846153846154,,,,,,415.3846153846154,123.07692307692308,0.4,886.6307630593698,2.5538461538461537,0.47692307692307695,0.5230769230769231,1.0,0.49230769230769234,0.46153846153846156,0.39487179487179486,,0.49230769230769234,1.0,0.3487179487179487,,Silver
P0096,63,0.3968253968253968,0.6666666666666666,0.06349206349206349,,,,,,412.69841269841265,174.60317460317458,0.4603174603174603,913.2696554870523,2.2222222222222223,0.4126984126984127,0.4603174603174603,1.0,0.6349206349206349,0.43915343915343913,0.37566137566137564,,0.6349206349206349,1.0,0.33174603174603173,,Silver
P0097,66,0.5,0.7121212121212122,0.06060606060606061,,,,,,378.7878787878788,287.8787878787879,0.5,905.4553151270787,2.5454545454545454,0.5454545454545454,0.5151515151515151,1.0,0.4696969696969697,0.48989898989898983,0.42424242424242425,,0.4696969696969697,1.0,0.3752525252525253,,Silver
P0098,67,0.4626865671641791,0.746268656716418,0.04477611940298507,,,,,,313.43283582089555,104.4776119402985,0.5671641791044776,891.0439000992097,2.328358208955224,0.5522388059701493,0.5074626865671642,1.0,0.4626865671641791,0.44776119402985076,0.41791044776119407,,0.4626865671641791,1.0,0.373134328358209,,Silver
P0099,44,0.45454545454545453,0.7954545454545454,0.13636363636363635,,,,,,363.6363636363636,250.0,0.6136363636363636,915.5200585234448,2.3863636363636362,0.4318181818181818,0.4090909090909091,1.0,0.45454545454545453,0.4924242424242424,0.4621212121212121,,0.45454545454545453,1.0,0.41287878787878785,,Silver
P0100,68,0.4411764705882353,0.8088235294117647,0.11764705882352941,,,,,,426.4705882352941,147.05882352941177,0.45588235294117646,898.2427462708393,2.588235294117647,0.5294117647058824,0.5147058823529411,1.0,0.5,0.4852941176470588,0.45588235294117646,,0.5,1.0,0.4073529411764706,,Silver
P0101,61,0.5081967213114754,0.7704918032786885,0.08196721311475409,,,,,,311.4754098360656,180.32786885245903,0.47540983606557374,903.8726020989639,2.4098360655737703,0.5081967213114754,0.6065573770491803,1.0,0.4426229508196721,0.4808743169398907,0.45355191256830607,,0.4426229508196721,1.0,0.40546448087431697,,Silver
P0102,61,0.47540983606557374,0.7049180327868853,0.09836065573770492,,,,,,393.44262295081967,344.2622950819672,0.4426229508196721,904.1915064881205,2.360655737704918,0.5081967213114754,0.6229508196721312,1.0,0.5737704918032787,0.5081967213114754,0.42622950819672134,,0.5737704918032787,1.0,0.37540983606557377,,Silver
P0103,55,0.5454545454545454,0.7272727272727273,0.10909090909090909,,,,,,254.54545454545453,200.0,0.45454545454545453,903.251849276509,2.5272727272727273,0.509090909090909,0.4909090909090909,1.0,0.6363636363636364,0.5151515151515151,0.46060606060606063,,0.6363636363636364,1.0,0.4090909090909091,,Silver
P0104,55,0.41818181818181815,0.6727272727272727,0.05454545454545454,,,,,,200.0,127.27272727272727,0.509090909090909,908.1131135643733,2.5636363636363635,0.5636363636363636,0.5454545454545454,1.0,0.45454545454545453,0.4727272727272727,0.3818181818181818,,0.45454545454545453,1.0,0.3345454545454545,,Silver
P0105,61,0.45901639344262296,0.8032786885245902,0.08196721311475409,,,,,,327.86885245901635,229.5081967213115,0.5901639344262295,912.1938721769458,2.5901639344262297,0.4918032786885246,0.5245901639344263,1.0,0.5737704918032787,0.45901639344262296,0.4480874316939891,,0.5737704918032787,1.0,0.40218579234972684,,Silver
P0106,57,0.5087719298245614,0.8070175438596491,0.10526315789473684,,,,,,263.1578947368421,245.6140350877193,0.5087719298245614,912.6616007984021,2.543859649122807,0.6140350877192983,0.49122807017543857,1.0,0.5087719298245614,0.5204678362573099,0.47368421052631576,,0.5087719298245614,1.0,0.42163742690058476,,Silver
P0107,57,0.47368421052631576,0.7719298245614035,0.08771929824561403,,,,,,298.2456140350877,105.26315789473684,0.40350877192982454,907.7697939359207,2.3684210526315788,0.42105263157894735,0.3333333333333333,1.0,0.631578947368421,0.4444444444444444,0.4444444444444444,,0.631578947368421,1.0,0.39999999999999997,,Silver
P0108,63,0.4603174603174603,0.8095238095238095,0.047619047619047616,,,,,,460.3174603174603,190.47619047619045,0.3968253968253968,896.0170153404771,2.5714285714285716,0.5079365079365079,0.38095238095238093,1.0,0.47619047619047616,0.5449735449735449,0.43915343915343913,,0.47619047619047616,1.0,0.38465608465608464,,Silver
P0109,60,0.5166666666666667,0.8,0.13333333333333333,,,,,,500.0,250.0,0.6166666666666667,899.282392870767,2.283333333333333,0.38333333333333336,0.4166666666666667,1.0,0.4,0.45555555555555555,0.4833333333333334,,0.4,1.0,0.4377777777777778,,Silver
P0110,75,0.4666666666666667,0.72,0.14666666666666667,,,,,,440.0,186.66666666666669,0.4533333333333333,920.2071890504852,2.4266666666666667,0.4,0.5733333333333334,1.0,0.5466666666666666,0.5155555555555555,0.4444444444444444,,0.5466666666666666,1.0,0.39288888888888884,,Silver
P0111,50,0.44,0.82,0.06,,,,,,420.0,200.0,0.62,898.4598931656742,2.56,0.26,0.36,1.0,0.58,0.48,0.44,,0.58,1.0,0.392,,Silver
P0112,60,0.4666666666666667,0.8666666666666667,0.11666666666666667,,,,,,316.66666666666663,150.0,0.6833333333333333,900.970718607133,2.533333333333333,0.35,0.4,1.0,0.55,0.4944444444444444,0.4833333333333334,,0.55,1.0,0.43388888888888894,,Silver
P0113,63,0.5238095238095238,0.7936507936507936,0.09523809523809523,,,,,,301.58730158730157,222.2222222222222,0.4444444444444444,902.2177053298168,2.5238095238095237,0.5079365079365079,0.49206349206349204,1.0,0.42857142857142855,0.5026455026455026,0.4708994708994709,,0.42857142857142855,1.0,0.4206349206349206,,Silver
P0114,69,0.463768115942029,0.8260869565217391,0.057971014492753624,,,,,,420.28985507246375,202.8985507246377,0.34782608695652173,916.8390746833849,2.7246376811594204,0.5217391304347826,0.6376811594202898,1.0,0.5217391304347826,0.5652173913043478,0.4492753623188406,,0.5217391304347826,1.0,0.3927536231884058,,Silver
P0115,63,0.5555555555555556,0.6984126984126984,0.047619047619047616,,,,,,380.9523809523809,222.2222222222222,0.5079365079365079,883.2714299981443,2.3015873015873014,0.49206349206349204,0.47619047619047616,1.0,0.47619047619047616,0.5079365079365079,0.4338624338624339,,0.47619047619047616,1.0,0.3830687830687831,,Silver
P0116,47,0.44680851063829785,0.723404255319149,0.06382978723404255,,,,,,382.97872340425533,255.3191489361702,0.46808510638297873,886.6025712596249,2.0851063829787235,0.48936170212765956,0.425531914893617,1.0,0.7021276595744681,0.47517730496453897,0.41134751773049644,,0.7021276595744681,1.0,0.3638297872340425,,Silver
P0117,57,0.5263157894736842,0.8070175438596491,0.07017543859649122,,,,,,385.96491228070175,280.7017543859649,0.47368421052631576,877.9558109764049,2.56140350877193,0.5789473684210527,0.49122807017543857,1.0,0.43859649122807015,0.4853801169590643,0.4678362573099415,,0.43859649122807015,1.0,0.41929824561403506,,Silver
P0118,50,0.42,0.7,0.12,,,,,,300.0,280.0,0.48,908.2877035913502,2.62,0.54,0.4,1.0,0.52,0.5133333333333333,0.4133333333333333,,0.52,1.0,0.36199999999999993,,Silver
P0119,59,0.3220338983050847,0.6779661016949152,0.03389830508474576,,,,,,440.6779661016949,186.4406779661017,0.423728813559322,896.9300521925234,2.593220338983051,0.5254237288135594,0.4915254237288136,1.0,0.4915254237288136,0.5084745762711864,0.3446327683615819,,0.4915254237288136,1.0,0.29378531073446323,,Silver
P0120,77,0.36363636363636365,0.7792207792207793,0.11688311688311688,,,,,,402.5974025974026,311.68831168831167,0.5584415584415584,887.752855277305,2.727272727272727,0.5064935064935064,0.4155844155844156,1.0,0.4935064935064935,0.44588744588744583,0.41991341991341985,,0.4935064935064935,1.0,0.3753246753246753,,Silver
P0121,71,0.49295774647887325,0.7746478873239436,0.11267605633802817,,,,,,464.7887323943662,225.35211267605635,0.4647887323943662,928.046102869511,2.5211267605633805,0.4084507042253521,0.5211267605633803,1.0,0.5352112676056338,0.4976525821596243,0.46009389671361506,,0.5352112676056338,1.0,0.4103286384976526,,Silver
P0122,62,0.5,0.7903225806451613,0.0967741935483871,,,,,,306.4516129032258,177.4193548387097,0.43548387096774194,899.7121772484873,2.6129032258064515,0.41935483870967744,0.3709677419354839,1.0,0.41935483870967744,0.45161290322580644,0.46236559139784944,,0.41935483870967744,1.0,0.4172043010752688,,Silver
P0123,61,0.45901639344262296,0.8360655737704918,0.11475409836065574,,,,,,393.44262295081967,163.93442622950818,0.4426229508196721,900.3044059197417,2.622950819672131,0.5081967213114754,0.3442622950819672,1.0,0.4918032786885246,0.5027322404371585,0.46994535519125685,,0.4918032786885246,1.0,0.419672131147541,,Silver
P0124,69,0.391304347826087,0.7681159420289855,0.057971014492753624,,,,,,478.26086956521743,246.3768115942029,0.5652173913043478,890.2389509465887,2.449275362318841,0.5362318840579711,0.42028985507246375,1.0,0.5072463768115942,0.48309178743961345,0.4057971014492754,,0.5072463768115942,1.0,0.35748792270531404,,Silver
P0125,61,0.47540983606557374,0.7377049180327869,0.11475409836065574,,,,,,311.4754098360656,278.6885245901639,0.5901639344262295,905.0179890922187,2.7704918032786887,0.5245901639344263,0.47540983606557374,1.0,0.47540983606557374,0.45355191256830596,0.4426229508196721,,0.47540983606557374,1.0,0.39726775956284155,,Silver
P0126,53,0.49056603773584906,0.7169811320754716,0.1320754716981132,,,,,,433.9622641509434,245.28301886792454,0.6226415094339622,904.8446680837559,2.207547169811321,0.5094339622641509,0.5283018867924528,1.0,0.5471698113207547,0.42767295597484273,0.4465408805031446,,0.5471698113207547,1.0,0.40377358490566034,,Silver
P0127,54,0.46296296296296297,0.7962962962962963,0.1111111111111111,,,,,,500.0,222.2222222222222,0.5185185185185185,916.0045273106028,2.462962962962963,0.48148148148148145,0.5555555555555556,1.0,0.4444444444444444,0.4753086419753086,0.45679012345679015,,0.4444444444444444,1.0,0.4092592592592593,,Silver
P0128,60,0.5166666666666667,0.75,0.016666666666666666,,,,,,366.66666666666663,200.0,0.43333333333333335,911.8833553055284,2.2,0.5333333333333333,0.4666666666666667,1.0,0.5333333333333333,0.5166666666666667,0.42777777777777776,,0.5333333333333333,1.0,0.37611111111111106,,Silver
P0129,69,0.43478260869565216,0.7391304347826086,0.15942028985507245,,,,,,318.8405797101449,101.44927536231884,0.4057971014492754,913.5097502929216,2.927536231884058,0.4927536231884058,0.4927536231884058,1.0,0.5217391304347826,0.4782608695652174,0.4444444444444444,,0.5217391304347826,1.0,0.3966183574879227,,Silver
P0130,77,0.4935064935064935,0.7532467532467533,0.14285714285714285,,,,,,493.5064935064935,155.84415584415584,0.5324675324675324,893.778310257497,2.4805194805194803,0.5454545454545454,0.42857142857142855,1.0,0.5324675324675324,0.45454545454545453,0.4632034632034632,,0.5324675324675324,1.0,0.4177489177489177,,Silver
P0131,61,0.47540983606557374,0.8032786885245902,0.06557377049180328,,,,,,540.9836065573771,98.36065573770492,0.4098360655737705,891.517281753424,2.6885245901639343,0.5573770491803278,0.5737704918032787,1.0,0.39344262295081966,0.5191256830601092,0.4480874316939891,,0.39344262295081966,1.0,0.3961748633879782,,Silver
P0132,62,0.5161290322580645,0.6774193548387096,0.1774193548387097,,,,,,483.8709677419355,193.54838709677418,0.5806451612903226,900.5792717452238,2.6774193548387095,0.5806451612903226,0.5645161290322581,1.0,0.41935483870967744,0.46236559139784944,0.45698924731182794,,0.41935483870967744,1.0,0.410752688172043,,Silver
P0133,67,0.6119402985074627,0.7313432835820896,0.11940298507462686,,,,,,492.5373134328358,134.32835820895522,0.4925373134328358,901.0896526413272,2.716417910447761,0.4925373134328358,0.44776119402985076,1.0,0.47761194029850745,0.47263681592039797,0.4875621890547263,,0.47761194029850745,1.0,0.4402985074626865,,Silver
P0134,54,0.5370370370370371,0.7592592592592593,0.2037037037037037,,,,,,518.5185185185185,111.1111111111111,0.42592592592592593,903.9715838141914,2.5185185185185186,0.6111111111111112,0.5555555555555556,1.0,0.48148148148148145,0.5,0.5,,0.48148148148148145,1.0,0.45,,Silver
P0135,58,0.4482758620689655,0.7931034482758621,0.08620689655172414,,,,,,465.51724137931035,172.41379310344828,0.5172413793103449,901.1733280458408,2.4655172413793105,0.5,0.6206896551724138,1.0,0.5344827586206896,0.5919540229885056,0.4425287356321839,,0.5344827586206896,1.0,0.38333333333333336,,Silver
P0136,60,0.5666666666666667,0.7333333333333333,0.05,,,,,,350.0,150.0,0.5333333333333333,894.7526842970981,2.3666666666666667,0.4166666666666667,0.5666666666666667,1.0,0.4666666666666667,0.4722222222222222,0.44999999999999996,,0.4666666666666667,1.0,0.40277777777777773,,Silver
P0137,60,0.4666666666666667,0.6333333333333333,0.06666666666666667,,,,,,450.0,183.33333333333331,0.4,899.630262907403,2.6,0.45,0.5166666666666667,1.0,0.5166666666666667,0.4944444444444444,0.3888888888888889,,0.5166666666666667,1.0,0.33944444444444444,,Silver
P0138,50,0.52,0.76,0.1,,,,,,340.0,200.0,0.5,904.6964918753744,2.36,0.46,0.44,1.0,0.46,0.4733333333333333,0.46,,0.46,1.0,0.4126666666666667,,Silver
P0139,72,0.4861111111111111,0.7916666666666666,0.06944444444444445,,,,,,361.1111111111111,263.8888888888889,0.3888888888888889,908.8125322587161,2.138888888888889,0.5555555555555556,0.4583333333333333,1.0,0.4305555555555556,0.5138888888888888,0.449074074074074,,0.4305555555555556,1.0,0.39768518518518514,,Silver
P0140,60,0.35,0.8,0.11666666666666667,,,,,,233.33333333333334,183.33333333333331,0.4,897.2494963908324,2.55,0.48333333333333334,0.4166666666666667,1.0,0.45,0.5222222222222223,0.4222222222222222,,0.45,1.0,0.37,,Silver
P0141,61,0.4426229508196721,0.7213114754098361,0.08196721311475409,,,,,,459.016393442623,262.29508196721315,0.5245901639344263,908.0764531511264,2.6065573770491803,0.5737704918032787,0.4918032786885246,1.0,0.5245901639344263,0.5792349726775956,0.41530054644808745,,0.5245901639344263,1.0,0.35737704918032787,,Silver
P0142,54,0.5555555555555556,0.7222222222222222,0.07407407407407407,,,,,,444.4444444444444,222.2222222222222,0.5925925925925926,907.1518377085297,2.7962962962962963,0.5740740740740741,0.5,1.0,0.48148148148148145,0.5308641975308641,0.45061728395061723,,0.48148148148148145,1.0,0.3975308641975308,,Silver
P0143,61,0.5245901639344263,0.7049180327868853,0.03278688524590164,,,,,,491.8032786885246,196.72131147540983,0.4426229508196721,908.7912741060305,2.540983606557377,0.45901639344262296,0.39344262295081966,1.0,0.4262295081967213,0.5081967213114754,0.4207650273224044,,0.4262295081967213,1.0,0.3699453551912568,,Silver
P0144,49,0.3877551020408163,0.7755102040816326,0.14285714285714285,,,,,,530.6122448979593,102.04081632653062,0.6122448979591837,913.1420678310748,2.3877551020408165,0.5510204081632653,0.4897959183673469,1.0,0.6122448979591837,0.4965986394557823,0.43537414965986393,,0.6122448979591837,1.0,0.3857142857142857,,Silver
P0145,52,0.36538461538461536,0.75,0.09615384615384616,,,,,,230.76923076923077,115.38461538461539,0.40384615384615385,904.3945393816116,2.5384615384615383,0.5576923076923077,0.5,1.0,0.40384615384615385,0.46153846153846156,0.4038461538461539,,0.40384615384615385,1.0,0.35769230769230775,,Silver
P0146,65,0.4461538461538462,0.7538461538461538,0.09230769230769231,,,,,,384.61538461538464,292.3076923076923,0.6,904.8370482500671,2.2153846153846155,0.49230769230769234,0.4307692307692308,1.0,0.5538461538461539,0.4666666666666667,0.43076923076923074,,0.5538461538461539,1.0,0.38410256410256405,,Silver
P0147,68,0.4852941176470588,0.75,0.11764705882352941,,,,,,220.58823529411765,279.4117647058824,0.5294117647058824,905.2223762429045,2.2794117647058822,0.5588235294117647,0.38235294117647056,1.0,0.5882352941176471,0.5196078431372548,0.45098039215686275,,0.5882352941176471,1.0,0.3990196078431373,,Silver
P0148,72,0.4166666666666667,0.6944444444444444,0.09722222222222222,,,,,,430.5555555555556,125.0,0.5138888888888888,879.4849558472494,2.3194444444444446,0.5,0.4722222222222222,1.0,0.5833333333333334,0.4907407407407407,0.40277777777777785,,0.5833333333333334,1.0,0.35370370370370374,,Silver
P0149,44,0.45454545454545453,0.6818181818181818,0.09090909090909091,,,,,,568.1818181818182,227.27272727272725,0.5454545454545454,890.3886716361783,2.522727272727273,0.5,0.5909090909090909,1.0,0.4090909090909091,0.5075757575757576,0.409090909090909,,0.4090909090909091,1.0,0.3583333333333332,,Silver
P0150,62,0.46774193548387094,0.7419354838709677,0.11290322580645161,,,,,,290.32258064516134,241.93548387096774,0.4838709677419355,912.2091250106582,2.7580645161290325,0.5,0.5,1.0,0.3548387096774194,0.47311827956989244,0.44086021505376344,,0.3548387096774194,1.0,0.3935483870967742,,Silver
P0151,58,0.15517241379310345,0.39655172413793105,0.0,,,,,,413.7931034482759,258.62068965517244,0.4827586206896552,1085.1346082575883,2.2586206896551726,0.5862068965517241,0.46551724137931033,0.4827586206896552,0.4482758620689655,0.5862068965517241,0.1839080459770115,,0.4482758620689655,0.4827586206896552,0.12528735632183907,,Bronze
P0152,53,0.22641509433962265,0.37735849056603776,0.03773584905660377,,,,,,547.1698113207547,264.1509433962264,0.6415094339622641,1102.4496408734628,2.3207547169811322,0.5660377358490566,0.5094339622641509,0.6037735849056604,0.49056603773584906,0.5723270440251572,0.21383647798742142,,0.49056603773584906,0.6037735849056604,0.15660377358490568,,Bronze
P0153,58,0.1724137931034483,0.3275862068965517,0.06896551724137931,,,,,,586.2068965517241,293.10344827586204,0.5172413793103449,1122.9576432645233,2.913793103448276,0.5517241379310345,0.4482758620689655,0.46551724137931033,0.5172413793103449,0.46551724137931033,0.18965517241379312,,0.5172413793103449,0.46551724137931033,0.14310344827586208,,Bronze
P0154,59,0.1694915254237288,0.3050847457627119,0.03389830508474576,,,,,,237.28813559322035,186.4406779661017,0.576271186440678,1109.6970286702644,2.2033898305084745,0.4745762711864407,0.4745762711864407,0.4915254237288136,0.559322033898305,0.5423728813559322,0.1694915254237288,,0.559322033898305,0.4915254237288136,0.11525423728813558,,Bronze
P0155,62,0.1935483870967742,0.3548387096774194,0.016129032258064516,,,,,,419.35483870967744,145.16129032258067,0.5645161290322581,1102.0012468275802,2.838709677419355,0.532258064516129,0.5,0.5,0.5,0.46774193548387094,0.18817204301075266,,0.5,0.5,0.14139784946236555,,Bronze
P0156,42,0.16666666666666666,0.40476190476190477,0.0,,,,,,476.19047619047615,166.66666666666666,0.6190476190476191,1101.6780692059178,2.4047619047619047,0.5,0.5238095238095238,0.47619047619047616,0.5,0.4206349206349206,0.19047619047619047,,0.5,0.47619047619047616,0.1484126984126984,,Bronze
P0157,59,0.2542372881355932,0.3389830508474576,0.0,,,,,,372.8813559322034,237.28813559322035,0.4067796610169492,1110.1705511793414,2.3389830508474576,0.5084745762711864,0.559322033898305,0.559322033898305,0.4915254237288136,0.4915254237288136,0.19774011299435026,,0.4915254237288136,0.559322033898305,0.1485875706214689,,Bronze
P0158,61,0.11475409836065574,0.4098360655737705,0.01639344262295082,,,,,,311.4754098360656,131.14754098360658,0.5901639344262295,1107.6108818265295,2.5737704918032787,0.4918032786885246,0.5573770491803278,0.4918032786885246,0.5245901639344263,0.5519125683060109,0.18032786885245902,,0.5245901639344263,0.4918032786885246,0.12513661202185794,,Bronze
P0159,48,0.2708333333333333,0.3541666666666667,0.041666666666666664,,,,,,312.5,125.0,0.5416666666666666,1107.0019128947554,2.4375,0.5,0.4791666666666667,0.5625,0.4791666666666667,0.4375,0.2222222222222222,,0.4791666666666667,0.5625,0.1784722222222222,,Bronze
P0160,51,0.17647058823529413,0.29411764705882354,0.0196078431372549,,,,,,294.11764705882354,235.2941176470588,0.6078431372549019,1102.8868585095688,2.4901960784313726,0.4117647058823529,0.5490196078431373,0.5098039215686274,0.45098039215686275,0.5098039215686274,0.16339869281045752,,0.45098039215686275,0.5098039215686274,0.11241830065359477,,Bronze
P0161,52,0.19230769230769232,0.4423076923076923,0.019230769230769232,,,,,,326.9230769230769,211.53846153846155,0.4230769230769231,1095.0885174804373,2.4038461538461537,0.40384615384615385,0.6923076923076923,0.46153846153846156,0.4807692307692308,0.4807692307692308,0.21794871794871795,,0.4807692307692308,0.46153846153846156,0.16987179487179488,,Bronze
P0162,63,0.14285714285714285,0.4444444444444444,0.015873015873015872,,,,,,317.46031746031747,222.2222222222222,0.4444444444444444,1115.9740461865285,2.619047619047619,0.4444444444444444,0.4603174603174603,0.5396825396825397,0.5873015873015873,0.49206349206349204,0.20105820105820102,,0.5873015873015873,0.5396825396825397,0.15185185185185182,,Bronze
P0163,54,0.2037037037037037,0.42592592592592593,0.05555555555555555,,,,,,518.5185185185185,111.1111111111111,0.42592592592592593,1110.8522645274102,2.4814814814814814,0.48148148148148145,0.42592592592592593,0.5740740740740741,0.5,0.49382716049382713,0.22839506172839508,,0.5,0.5740740740740741,0.17901234567901236,,Bronze
P0164,57,0.12280701754385964,0.43859649122807015,0.03508771929824561,,,,,,280.7017543859649,192.98245614035088,0.543859649122807,1093.529164500516,2.245614035087719,0.5263157894736842,0.5964912280701754,0.45614035087719296,0.5087719298245614,0.5087719298245614,0.19883040935672514,,0.5087719298245614,0.45614035087719296,0.147953216374269,,Bronze
P0165,63,0.2698412698412698,0.3333333333333333,0.0,,,,,,365.07936507936506,238.09523809523807,0.5873015873015873,1116.8313233060167,2.8095238095238093,0.49206349206349204,0.5238095238095238,0.5079365079365079,0.49206349206349204,0.5343915343915343,0.20105820105820105,,0.49206349206349204,0.5079365079365079,0.14761904761904762,,Bronze
P0166,68,0.11764705882352941,0.38235294117647056,0.014705882352941176,,,,,,352.94117647058823,205.88235294117646,0.47058823529411764,1093.5378175290975,2.7941176470588234,0.39705882352941174,0.45588235294117646,0.47058823529411764,0.38235294117647056,0.4656862745098039,0.17156862745098037,,0.38235294117647056,0.47058823529411764,0.12499999999999997,,Bronze
P0167,56,0.17857142857142858,0.4107142857142857,0.03571428571428571,,,,,,339.2857142857143,125.0,0.6071428571428571,1097.2696415517294,2.5714285714285716,0.6071428571428571,0.42857142857142855,0.5178571428571429,0.44642857142857145,0.3630952380952381,0.20833333333333334,,0.44642857142857145,0.5178571428571429,0.17202380952380952,,Bronze
P0168,76,0.10526315789473684,0.42105263157894735,0.013157894736842105,,,,,,355.2631578947368,315.7894736842105,0.5,1092.04551079612,2.6973684210526314,0.4473684210526316,0.40789473684210525,0.4342105263157895,0.5131578947368421,0.5087719298245613,0.17982456140350878,,0.5131578947368421,0.4342105263157895,0.12894736842105264,,Bronze
P0169,63,0.2222222222222222,0.36507936507936506,0.0,,,,,,396.8253968253968,317.46031746031747,0.6190476190476191,1091.8216717269984,2.6507936507936507,0.5714285714285714,0.6031746031746031,0.6349206349206349,0.36507936507936506,0.4603174603174603,0.19576719576719573,,0.36507936507936506,0.6349206349206349,0.1497354497354497,,Bronze
P0170,46,0.17391304347826086,0.391304347826087,0.0,,,,,,413.04347826086956,21.73913043478261,0.4782608695652174,1094.4480430388937,2.608695652173913,0.6304347826086957,0.5434782608695652,0.6304347826086957,0.41304347826086957,0.5434782608695652,0.1884057971014493,,0.41304347826086957,0.6304347826086957,0.1340579710144928,,Bronze
P0171,62,0.1935483870967742,0.4032258064516129,0.03225806451612903,,,,,,322.5806451612903,112.90322580645162,0.45161290322580644,1095.8290955720079,2.2903225806451615,0.532258064516129,0.45161290322580644,0.4838709677419355,0.5161290322580645,0.5645161290322581,0.20967741935483866,,0.5161290322580645,0.4838709677419355,0.15322580645161285,,Bronze
P0172,64,0.25,0.34375,0.0625,,,,,,390.625,187.5,0.578125,1097.1031787401496,2.71875,0.515625,0.546875,0.546875,0.375,0.5208333333333334,0.21875,,0.375,0.546875,0.16666666666666666,,Bronze
P0173,57,0.08771929824561403,0.3684210526315789,0.017543859649122806,,,,,,508.7719298245614,175.43859649122805,0.5087719298245614,1089.6562149073666,2.456140350877193,0.40350877192982454,0.40350877192982454,0.5614035087719298,0.43859649122807015,0.5497076023391813,0.15789473684210525,,0.43859649122807015,0.5614035087719298,0.10292397660818713,,Bronze
P0174,68,0.14705882352941177,0.45588235294117646,0.014705882352941176,,,,,,514.7058823529411,176.47058823529412,0.5294117647058824,1080.251409479318,2.485294117647059,0.5294117647058824,0.4852941176470588,0.47058823529411764,0.4411764705882353,0.4509803921568627,0.20588235294117643,,0.4411764705882353,0.47058823529411764,0.16078431372549015,,Bronze
P0175,62,0.0967741935483871,0.3709677419354839,0.0,,,,,,467.7419354838709,129.03225806451613,0.5645161290322581,1084.7563540758172,2.661290322580645,0.5,0.6290322580645161,0.4838709677419355,0.4838709677419355,0.47849462365591394,0.15591397849462366,,0.4838709677419355,0.4838709677419355,0.10806451612903226,,Bronze
P0176,60,0.18333333333333332,0.35,0.05,,,,,,483.3333333333333,166.66666666666666,0.5666666666666667,1121.1561081406974,2.4833333333333334,0.45,0.4,0.6,0.5166666666666667,0.5055555555555555,0.19444444444444445,,0.5166666666666667,0.6,0.1438888888888889,,Bronze
P0177,72,0.18055555555555555,0.375,0.027777777777777776,,,,,,361.1111111111111,208.33333333333334,0.4722222222222222,1123.0389669899914,2.513888888888889,0.4444444444444444,0.5555555555555556,0.5,0.6111111111111112,0.45370370370370366,0.19444444444444445,,0.6111111111111112,0.5,0.14907407407407408,,Bronze
P0178,57,0.2807017543859649,0.3333333333333333,0.017543859649122806,,,,,,473.6842105263158,245.6140350877193,0.40350877192982454,1097.5062324192265,2.3508771929824563,0.45614035087719296,0.5614035087719298,0.631578947368421,0.43859649122807015,0.4678362573099415,0.21052631578947367,,0.43859649122807015,0.631578947368421,0.16374269005847952,,Bronze
P0179,61,0.14754098360655737,0.4098360655737705,0.01639344262295082,,,,,,508.1967213114754,196.72131147540983,0.5901639344262295,1107.6984526010199,2.6557377049180326,0.6229508196721312,0.5737704918032787,0.47540983606557374,0.39344262295081966,0.4699453551912568,0.1912568306010929,,0.39344262295081966,0.47540983606557374,0.1442622950819672,,Bronze
P0180,69,0.17391304347826086,0.4782608695652174,0.028985507246376812,,,,,,304.34782608695656,260.8695652173913,0.5217391304347826,1105.485015308939,2.550724637681159,0.5652173913043478,0.5507246376811594,0.5217391304347826,0.463768115942029,0.47342995169082125,0.22705314009661837,,0.463768115942029,0.5217391304347826,0.17971014492753623,,Bronze
P0181,57,0.19298245614035087,0.3333333333333333,0.017543859649122806,,,,,,368.4210526315789,175.43859649122805,0.45614035087719296,1087.0643295914133,3.192982456140351,0.5789473684210527,0.45614035087719296,0.5789473684210527,0.47368421052631576,0.4853801169590643,0.1812865497076023,,0.47368421052631576,0.5789473684210527,0.13274853801169587,,Bronze
P0182,62,0.16129032258064516,0.3870967741935484,0.03225806451612903,,,,,,419.35483870967744,225.80645161290323,0.5,1075.1198203802164,2.4193548387096775,0.4838709677419355,0.6290322580645161,0.5161290322580645,0.4032258064516129,0.5215053763440859,0.19354838709677416,,0.4032258064516129,0.5161290322580645,0.14139784946236555,,Bronze
P0183,63,0.1111111111111111,0.36507936507936506,0.015873015873015872,,,,,,523.8095238095239,142.85714285714286,0.5555555555555556,1107.6985318833026,2.4761904761904763,0.5238095238095238,0.5238095238095238,0.6190476190476191,0.4126984126984127,0.5079365079365079,0.164021164021164,,0.4126984126984127,0.6190476190476191,0.11322751322751322,,Bronze
P0184,57,0.22807017543859648,0.45614035087719296,0.017543859649122806,,,,,,456.14035087719293,228.07017543859646,0.543859649122807,1087.6565715357715,2.719298245614035,0.45614035087719296,0.42105263157894735,0.5964912280701754,0.5087719298245614,0.5321637426900585,0.23391812865497075,,0.5087719298245614,0.5964912280701754,0.1807017543859649,,Bronze
P0185,65,0.16923076923076924,0.4153846153846154,0.0,,,,,,338.46153846153845,261.53846153846155,0.5692307692307692,1092.6675035899923,2.3384615384615386,0.38461538461538464,0.46153846153846156,0.6307692307692307,0.5230769230769231,0.5333333333333333,0.19487179487179487,,0.5230769230769231,0.6307692307692307,0.14153846153846153,,Bronze
P0186,57,0.10526315789473684,0.2982456140350877,0.0,,,,,,403.50877192982455,140.35087719298244,0.42105263157894735,1097.3340044792467,2.3157894736842106,0.45614035087719296,0.47368421052631576,0.6140350877192983,0.49122807017543857,0.5321637426900585,0.13450292397660818,,0.49122807017543857,0.6140350877192983,0.08128654970760232,,Bronze
P0187,55,0.23636363636363636,0.41818181818181815,0.0,,,,,,472.7272727272727,72.72727272727272,0.5454545454545454,1115.2871537725298,2.672727272727273,0.5454545454545454,0.5454545454545454,0.6363636363636364,0.5272727272727272,0.5212121212121211,0.21818181818181817,,0.5272727272727272,0.6363636363636364,0.16606060606060605,,Bronze
P0188,53,0.24528301886792453,0.4716981132075472,0.018867924528301886,,,,,,415.09433962264154,75.47169811320754,0.5094339622641509,1103.170435596327,2.490566037735849,0.5471698113207547,0.5094339622641509,0.39622641509433965,0.4528301886792453,0.4779874213836478,0.24528301886792456,,0.4528301886792453,0.39622641509433965,0.19748427672955976,,Bronze
P0189,56,0.19642857142857142,0.3392857142857143,0.03571428571428571,,,,,,607.1428571428571,232.14285714285714,0.5178571428571429,1095.3269459551568,2.875,0.5357142857142857,0.6071428571428571,0.5,0.375,0.5297619047619048,0.19047619047619047,,0.375,0.5,0.13749999999999998,,Bronze
P0190,49,0.16326530612244897,0.40816326530612246,0.0,,,,,,408.16326530612247,163.26530612244898,0.5102040816326531,1088.5524396407386,2.306122448979592,0.5510204081632653,0.4489795918367347,0.6122448979591837,0.6326530612244898,0.47619047619047616,0.19047619047619047,,0.6326530612244898,0.6122448979591837,0.14285714285714285,,Bronze
P0191,52,0.17307692307692307,0.3076923076923077,0.0,,,,,,307.69230769230774,192.30769230769232,0.46153846153846156,1103.800960954465,2.5,0.5961538461538461,0.5769230769230769,0.5192307692307693,0.46153846153846156,0.5128205128205128,0.16025641025641027,,0.46153846153846156,0.5192307692307693,0.10897435897435899,,Bronze
P0192,60,0.18333333333333332,0.26666666666666666,0.016666666666666666,,,,,,416.6666666666667,150.0,0.5166666666666667,1091.5423756153612,2.433333333333333,0.55,0.55,0.6,0.4166666666666667,0.4666666666666667,0.15555555555555553,,0.4166666666666667,0.6,0.10888888888888887,,Bronze
P0193,63,0.2222222222222222,0.36507936507936506,0.031746031746031744,,,,,,380.9523809523809,174.60317460317458,0.5555555555555556,1101.0281511190992,2.3015873015873014,0.4444444444444444,0.47619047619047616,0.5873015873015873,0.47619047619047616,0.5026455026455026,0.2063492063492063,,0.47619047619047616,0.5873015873015873,0.15608465608465605,,Bronze
P0194,58,0.08620689655172414,0.3103448275862069,0.0,,,,,,310.3448275862069,172.41379310344828,0.43103448275862066,1092.101438140644,2.5172413793103448,0.5344827586206896,0.603448275862069,0.5689655172413793,0.5172413793103449,0.47126436781609193,0.13218390804597702,,0.5172413793103449,0.5689655172413793,0.08505747126436783,,Bronze
P0195,52,0.21153846153846154,0.38461538461538464,0.038461538461538464,,,,,,500.0,250.0,0.4230769230769231,1106.7747556241136,2.75,0.4807692307692308,0.5,0.5384615384615384,0.5,0.5192307692307693,0.21153846153846154,,0.5,0.5384615384615384,0.1596153846153846,,Bronze
P0196,53,0.2641509433962264,0.2830188679245283,0.03773584905660377,,,,,,377.35849056603774,150.94339622641508,0.49056603773584906,1094.314563305682,2.509433962264151,0.5849056603773585,0.4716981132075472,0.4716981132075472,0.4716981132075472,0.4716981132075472,0.19496855345911948,,0.4716981132075472,0.4716981132075472,0.14779874213836475,,Bronze
P0197,66,0.16666666666666666,0.3333333333333333,0.0,,,,,,530.3030303030303,136.36363636363635,0.48484848484848486,1091.621752408556,2.3484848484848486,0.4696969696969697,0.4696969696969697,0.5151515151515151,0.4696969696969697,0.4797979797979798,0.16666666666666666,,0.4696969696969697,0.5151515151515151,0.11868686868686867,,Bronze
P0198,56,0.17857142857142858,0.39285714285714285,0.017857142857142856,,,,,,517.8571428571429,125.0,0.5892857142857143,1105.781443201468,1.9464285714285714,0.4642857142857143,0.5,0.4642857142857143,0.4642857142857143,0.4880952380952381,0.19642857142857142,,0.4642857142857143,0.4642857142857143,0.14761904761904762,,Bronze
P0199,78,0.19230769230769232,0.5641025641025641,0.02564102564102564,,,,,,448.71794871794873,153.84615384615387,0.47435897435897434,1107.5597012104768,2.448717948717949,0.5,0.5384615384615384,0.5512820512820513,0.5641025641025641,0.5,0.2606837606837607,,0.5641025641025641,0.5512820512820513,0.2106837606837607,,Bronze
P0200,50,0.14,0.32,0.0,,,,,,440.0,260.0,0.4,1095.7695694732172,2.56,0.52,0.6,0.52,0.48,0.42,0.15333333333333335,,0.48,0.52,0.11133333333333334,,Bronze
P0201,65,0.15384615384615385,0.4307692307692308,0.06153846153846154,,,,,,492.3076923076923,184.6153846153846,0.5076923076923077,1100.4486552900412,2.5538461538461537,0.4307692307692308,0.47692307692307695,0.5538461538461539,0.5384615384615384,0.4974358974358974,0.2153846153846154,,0.5384615384615384,0.5538461538461539,0.16564102564102565,,Bronze
P0202,58,0.1896551724137931,0.4827586206896552,0.0,,,,,,379.31034482758616,137.9310344827586,0.5862068965517241,1120.2672848786774,2.793103448275862,0.5517241379310345,0.5,0.4482758620689655,0.4827586206896552,0.5229885057471264,0.22413793103448276,,0.4827586206896552,0.4482758620689655,0.17183908045977012,,Bronze
P0203,67,0.1791044776119403,0.3283582089552239,0.029850746268656716,,,,,,373.13432835820896,179.1044776119403,0.5074626865671642,1104.6704829021457,2.1940298507462686,0.6119402985074627,0.44776119402985076,0.4626865671641791,0.5373134328358209,0.5024875621890547,0.1791044776119403,,0.5373134328358209,0.4626865671641791,0.1288557213930348,,Bronze
P0204,60,0.16666666666666666,0.4166666666666667,0.05,,,,,,333.3333333333333,133.33333333333334,0.5666666666666667,1091.3880564764347,2.65,0.5,0.5666666666666667,0.55,0.5,0.40555555555555556,0.21111111111111114,,0.5,0.55,0.17055555555555557,,Bronze
P0205,67,0.22388059701492538,0.3582089552238806,0.05970149253731343,,,,,,343.2835820895522,238.80597014925374,0.40298507462686567,1107.1800264182702,2.2686567164179103,0.44776119402985076,0.373134328358209,0.5671641791044776,0.6716417910447762,0.49751243781094523,0.21393034825870647,,0.6716417910447762,0.5671641791044776,0.16417910447761194,,Bronze
P0206,52,0.19230769230769232,0.38461538461538464,0.019230769230769232,,,,,,403.84615384615387,153.84615384615387,0.4423076923076923,1104.98894375173,2.3846153846153846,0.4230769230769231,0.5192307692307693,0.4423076923076923,0.5384615384615384,0.5705128205128205,0.19871794871794876,,0.5384615384615384,0.4423076923076923,0.14166666666666672,,Bronze
P0207,55,0.23636363636363636,0.38181818181818183,0.0,,,,,,418.18181818181813,200.0,0.45454545454545453,1104.057991228109,2.690909090909091,0.5272727272727272,0.4909090909090909,0.5272727272727272,0.45454545454545453,0.4909090909090909,0.20606060606060606,,0.45454545454545453,0.5272727272727272,0.15696969696969695,,Bronze
P0208,63,0.20634920634920634,0.38095238095238093,0.015873015873015872,,,,,,396.8253968253968,190.47619047619045,0.6031746031746031,1095.4658328463825,2.8253968253968256,0.5238095238095238,0.5873015873015873,0.5079365079365079,0.5396825396825397,0.49206349206349204,0.20105820105820102,,0.5396825396825397,0.5079365079365079,0.15185185185185182,,Bronze
P0209,60,0.23333333333333334,0.4,0.03333333333333333,,,,,,300.0,266.6666666666667,0.5333333333333333,1079.8106290013513,2.216666666666667,0.5666666666666667,0.6333333333333333,0.5666666666666667,0.5333333333333333,0.5277777777777778,0.2222222222222222,,0.5333333333333333,0.5666666666666667,0.16944444444444443,,Bronze
P0210,68,0.22058823529411764,0.35294117647058826,0.029411764705882353,,,,,,411.7647058823529,250.0,0.45588235294117646,1111.5936972697716,2.6029411764705883,0.45588235294117646,0.4852941176470588,0.6029411764705882,0.4264705882352941,0.534313725490196,0.20098039215686272,,0.4264705882352941,0.6029411764705882,0.1475490196078431,,Bronze
P0211,68,0.27941176470588236,0.4264705882352941,0.029411764705882353,,,,,,441.1764705882353,235.2941176470588,0.4852941176470588,1090.0265347884924,2.5,0.5294117647058824,0.5,0.5735294117647058,0.5,0.4509803921568627,0.24509803921568626,,0.5,0.5735294117647058,0.19999999999999998,,Bronze
P0212,68,0.14705882352941177,0.4117647058823529,0.014705882352941176,,,,,,323.5294117647059,161.76470588235296,0.5147058823529411,1080.4308966942563,2.5,0.5294117647058824,0.45588235294117646,0.4117647058823529,0.47058823529411764,0.5,0.19117647058823528,,0.47058823529411764,0.4117647058823529,0.1411764705882353,,Bronze
P0213,61,0.16393442622950818,0.45901639344262296,0.01639344262295082,,,,,,491.8032786885246,163.93442622950818,0.3442622950819672,1122.166459812408,2.2950819672131146,0.5737704918032787,0.5901639344262295,0.47540983606557374,0.4262295081967213,0.5300546448087431,0.21311475409836067,,0.4262295081967213,0.47540983606557374,0.16010928961748636,,Bronze
P0214,70,0.17142857142857143,0.4,0.04285714285714286,,,,,,485.7142857142857,200.0,0.6142857142857143,1098.3859009431592,2.5428571428571427,0.6,0.4857142857142857,0.45714285714285713,0.5571428571428572,0.4333333333333333,0.20476190476190473,,0.5571428571428572,0.45714285714285713,0.1614285714285714,,Bronze
P0215,72,0.2222222222222222,0.3194444444444444,0.0,,,,,,236.11111111111111,208.33333333333334,0.4444444444444444,1087.296144937495,2.375,0.5277777777777778,0.4583333333333333,0.5,0.4583333333333333,0.5046296296296295,0.18055555555555555,,0.4583333333333333,0.5,0.1300925925925926,,Bronze
P0216,64,0.109375,0.40625,0.03125,,,,,,390.625,203.125,0.46875,1089.5983091800383,2.359375,0.46875,0.46875,0.5,0.515625,0.5104166666666666,0.18229166666666666,,0.515625,0.5,0.13124999999999998,,Bronze
P0217,60,0.16666666666666666,0.3333333333333333,0.016666666666666666,,,,,,483.3333333333333,300.0,0.38333333333333336,1097.6820094172458,2.3833333333333333,0.4666666666666667,0.5666666666666667,0.48333333333333334,0.4666666666666667,0.47777777777777775,0.17222222222222225,,0.4666666666666667,0.48333333333333334,0.12444444444444447,,Bronze
P0218,72,0.20833333333333334,0.4305555555555556,0.013888888888888888,,,,,,319.4444444444444,194.44444444444446,0.4027777777777778,1101.2579250828132,2.361111111111111,0.5277777777777778,0.5138888888888888,0.5416666666666666,0.4444444444444444,0.5046296296296295,0.2175925925925926,,0.4444444444444444,0.5416666666666666,0.16712962962962963,,Bronze
P0219,65,0.26153846153846155,0.3230769230769231,0.015384615384615385,,,,,,415.3846153846154,138.46153846153848,0.5076923076923077,1105.2199105851032,2.0615384615384613,0.5230769230769231,0.5076923076923077,0.5076923076923077,0.5230769230769231,0.5179487179487179,0.20000000000000004,,0.5230769230769231,0.5076923076923077,0.14820512820512824,,Bronze
P0220,50,0.24,0.22,0.0,,,,,,180.0,260.0,0.5,1112.4158512577178,1.98,0.48,0.56,0.54,0.42,0.4333333333333333,0.15333333333333332,,0.42,0.54,0.10999999999999999,,Bronze
P0221,83,0.18072289156626506,0.4578313253012048,0.0,,,,,,481.9277108433735,277.10843373493975,0.3855421686746988,1093.5520450169063,2.2650602409638556,0.6024096385542169,0.6024096385542169,0.4819277108433735,0.5421686746987951,0.4899598393574297,0.21285140562248994,,0.5421686746987951,0.4819277108433735,0.16385542168674697,,Bronze
P0222,67,0.16417910447761194,0.4925373134328358,0.04477611940298507,,,,,,537.3134328358209,149.25373134328356,0.5970149253731343,1104.6683159152503,2.4477611940298507,0.5671641791044776,0.5223880597014925,0.5074626865671642,0.4925373134328358,0.4427860696517413,0.2338308457711443,,0.4925373134328358,0.5074626865671642,0.18955223880597016,,Bronze
P0223,54,0.2222222222222222,0.37037037037037035,0.018518518518518517,,,,,,388.8888888888889,111.1111111111111,0.6481481481481481,1098.1692941095714,2.2962962962962963,0.46296296296296297,0.4074074074074074,0.5,0.5185185185185185,0.4691358024691358,0.2037037037037037,,0.5185185185185185,0.5,0.1567901234567901,,Bronze
P0224,51,0.13725490196078433,0.43137254901960786,0.0,,,,,,372.54901960784315,156.86274509803923,0.43137254901960786,1096.3652965170659,2.2745098039215685,0.49019607843137253,0.49019607843137253,0.5882352941176471,0.6274509803921569,0.5424836601307189,0.1895424836601307,,0.6274509803921569,0.5882352941176471,0.13529411764705881,,Bronze
P0225,57,0.21052631578947367,0.43859649122807015,0.07017543859649122,,,,,,350.8771929824561,298.2456140350877,0.47368421052631576,1113.1030205232737,2.3508771929824563,0.543859649122807,0.5263157894736842,0.49122807017543857,0.45614035087719296,0.5789473684210527,0.23976608187134504,,0.45614035087719296,0.49122807017543857,0.18187134502923977,,Bronze
P0226,62,0.20967741935483872,0.3548387096774194,0.016129032258064516,,,,,,274.19354838709677,387.09677419354836,0.5645161290322581,1117.77468731066,2.4516129032258065,0.45161290322580644,0.27419354838709675,0.4838709677419355,0.5483870967741935,0.4247311827956989,0.19354838709677422,,0.5483870967741935,0.4838709677419355,0.15107526881720432,,Bronze
P0227,63,0.20634920634920634,0.38095238095238093,0.0,,,,,,412.69841269841265,190.47619047619045,0.5714285714285714,1087.9220806118765,2.634920634920635,0.5396825396825397,0.4603174603174603,0.4603174603174603,0.5555555555555556,0.5026455026455026,0.19576719576719573,,0.5555555555555556,0.4603174603174603,0.14550264550264547,,Bronze
P0228,63,0.2857142857142857,0.3492063492063492,0.015873015873015872,,,,,,412.69841269841265,142.85714285714286,0.4444444444444444,1096.7348466255285,2.5238095238095237,0.5238095238095238,0.5079365079365079,0.5555555555555556,0.4444444444444444,0.4656084656084656,0.2169312169312169,,0.4444444444444444,0.5555555555555556,0.17037037037037034,,Bronze
P0229,69,0.17391304347826086,0.3333333333333333,0.014492753623188406,,,,,,405.7971014492754,144.92753623188406,0.4782608695652174,1097.0156246650724,2.5942028985507246,0.4782608695652174,0.5797101449275363,0.43478260869565216,0.4927536231884058,0.4782608695652174,0.17391304347826086,,0.4927536231884058,0.43478260869565216,0.12608695652173912,,Bronze
P0230,46,0.17391304347826086,0.41304347826086957,0.06521739130434782,,,,,,369.5652173913043,173.91304347826087,0.41304347826086957,1098.7330981077937,2.3043478260869565,0.41304347826086957,0.5652173913043478,0.5,0.4782608695652174,0.4782608695652174,0.21739130434782605,,0.4782608695652174,0.5,0.1695652173913043,,Bronze
P0231,59,0.13559322033898305,0.3728813559322034,0.05084745762711865,,,,,,406.7796610169492,152.54237288135593,0.5084745762711864,1082.7437333243543,2.559322033898305,0.3898305084745763,0.4745762711864407,0.4745762711864407,0.5254237288135594,0.4576271186440678,0.18644067796610167,,0.5254237288135594,0.4745762711864407,0.1406779661016949,,Bronze
P0232,69,0.14492753623188406,0.37681159420289856,0.014492753623188406,,,,,,391.304347826087,217.3913043478261,0.5217391304347826,1105.1093576255794,2.2318840579710146,0.4927536231884058,0.43478260869565216,0.5507246376811594,0.5217391304347826,0.5169082125603864,0.178743961352657,,0.5217391304347826,0.5507246376811594,0.12705314009661833,,Bronze
P0233,56,0.125,0.30357142857142855,0.017857142857142856,,,,,,375.0,160.71428571428572,0.48214285714285715,1107.306685024794,2.1785714285714284,0.3392857142857143,0.5357142857142857,0.5178571428571429,0.5535714285714286,0.4642857142857143,0.1488095238095238,,0.5535714285714286,0.5178571428571429,0.10238095238095238,,Bronze
P0234,65,0.15384615384615385,0.3384615384615385,0.015384615384615385,,,,,,415.3846153846154,384.61538461538464,0.5230769230769231,1116.466541417604,2.5384615384615383,0.46153846153846156,0.5692307692307692,0.5076923076923077,0.5384615384615384,0.5128205128205128,0.1692307692307692,,0.5384615384615384,0.5076923076923077,0.11794871794871793,,Bronze
P0235,56,0.21428571428571427,0.30357142857142855,0.03571428571428571,,,,,,553.5714285714286,160.71428571428572,0.5892857142857143,1092.168969752402,2.4642857142857144,0.5714285714285714,0.6071428571428571,0.44642857142857145,0.4642857142857143,0.494047619047619,0.1845238095238095,,0.4642857142857143,0.44642857142857145,0.1351190476190476,,Bronze
P0236,66,0.10606060606060606,0.3484848484848485,0.045454545454545456,,,,,,393.93939393939394,378.7878787878788,0.3939393939393939,1090.8187267350315,2.1666666666666665,0.5303030303030303,0.5,0.3939393939393939,0.45454545454545453,0.45959595959595956,0.16666666666666666,,0.45454545454545453,0.3939393939393939,0.12070707070707071,,Bronze
P0237,50,0.12,0.36,0.02,,,,,,340.0,220.0,0.54,1097.0897164803396,2.3,0.5,0.6,0.56,0.48,0.48666666666666664,0.16666666666666666,,0.48,0.56,0.118,,Bronze
P0238,66,0.24242424242424243,0.3484848484848485,0.06060606060606061,,,,,,500.0,303.03030303030306,0.45454545454545453,1094.602242623503,2.4242424242424243,0.5303030303030303,0.48484848484848486,0.42424242424242425,0.5606060606060606,0.5707070707070707,0.2171717171717172,,0.5606060606060606,0.42424242424242425,0.16010101010101013,,Bronze
P0239,49,0.24489795918367346,0.3469387755102041,0.0,,,,,,306.12244897959187,285.7142857142857,0.5102040816326531,1076.793081977943,2.5918367346938775,0.3877551020408163,0.4897959183673469,0.46938775510204084,0.40816326530612246,0.5442176870748299,0.19727891156462585,,0.40816326530612246,0.46938775510204084,0.14285714285714285,,Bronze
P0240,75,0.17333333333333334,0.4266666666666667,0.05333333333333334,,,,,,400.0,133.33333333333334,0.6,1101.0078391954041,2.6666666666666665,0.4266666666666667,0.4666666666666667,0.4533333333333333,0.56,0.4977777777777777,0.21777777777777782,,0.56,0.4533333333333333,0.16800000000000004,,Bronze
P0241,54,0.1111111111111111,0.35185185185185186,0.018518518518518517,,,,,,296.2962962962963,203.7037037037037,0.42592592592592593,1101.6895540132152,2.574074074074074,0.6111111111111112,0.42592592592592593,0.5370370370370371,0.6111111111111112,0.5246913580246914,0.16049382716049385,,0.6111111111111112,0.5370370370370371,0.1080246913580247,,Bronze
P0242,56,0.08928571428571429,0.35714285714285715,0.03571428571428571,,,,,,267.85714285714283,107.14285714285714,0.48214285714285715,1074.7608276310104,2.482142857142857,0.5178571428571429,0.48214285714285715,0.42857142857142855,0.48214285714285715,0.5892857142857143,0.16071428571428573,,0.48214285714285715,0.42857142857142855,0.10178571428571428,,Bronze
P0243,56,0.30357142857142855,0.3392857142857143,0.017857142857142856,,,,,,375.0,160.71428571428572,0.5357142857142857,1106.7145510840198,2.5535714285714284,0.44642857142857145,0.4642857142857143,0.5178571428571429,0.5178571428571429,0.5535714285714286,0.22023809523809523,,0.5178571428571429,0.5178571428571429,0.16488095238095238,,Bronze
P0244,68,0.17647058823529413,0.3235294117647059,0.04411764705882353,,,,,,470.5882352941176,338.2352941176471,0.4411764705882353,1102.7691860739947,2.6911764705882355,0.5147058823529411,0.4264705882352941,0.5294117647058824,0.5588235294117647,0.5392156862745098,0.18137254901960784,,0.5588235294117647,0.5294117647058824,0.12745098039215685,,Bronze
P0245,64,0.203125,0.3125,0.015625,,,,,,500.0,171.875,0.484375,1106.7018684322452,2.78125,0.578125,0.4375,0.5,0.515625,0.49479166666666663,0.17708333333333334,,0.515625,0.5,0.12760416666666669,,Bronze
P0246,73,0.1917808219178082,0.4246575342465753,0.0273972602739726,,,,,,383.5616438356164,150.6849315068493,0.5205479452054794,1095.0222824272514,2.5205479452054793,0.4794520547945205,0.4520547945205479,0.5342465753424658,0.547945205479452,0.4794520547945205,0.21461187214611874,,0.547945205479452,0.5342465753424658,0.16666666666666669,,Bronze
P0247,46,0.17391304347826086,0.3695652173913043,0.0,,,,,,239.13043478260872,195.6521739130435,0.2826086956521739,1094.3173360331891,2.260869565217391,0.5,0.45652173913043476,0.5,0.391304347826087,0.5507246376811594,0.18115942028985507,,0.391304347826087,0.5,0.12608695652173912,,Bronze
P0248,59,0.1864406779661017,0.4067796610169492,0.0,,,,,,322.03389830508473,220.33898305084745,0.4067796610169492,1111.2421328675937,2.711864406779661,0.3728813559322034,0.6101694915254238,0.5084745762711864,0.5423728813559322,0.5706214689265536,0.19774011299435026,,0.5423728813559322,0.5084745762711864,0.1406779661016949,,Bronze
P0249,63,0.19047619047619047,0.25396825396825395,0.015873015873015872,,,,,,365.07936507936506,238.09523809523807,0.49206349206349204,1104.671233521754,2.746031746031746,0.3968253968253968,0.49206349206349204,0.5396825396825397,0.5079365079365079,0.4973544973544973,0.15343915343915343,,0.5079365079365079,0.5396825396825397,0.10370370370370369,,Bronze
P0250,75,0.24,0.37333333333333335,0.05333333333333334,,,,,,466.6666666666667,160.0,0.5066666666666667,1096.5878306475543,2.6133333333333333,0.48,0.48,0.5333333333333333,0.5066666666666667,0.5244444444444445,0.2222222222222222,,0.5066666666666667,0.5333333333333333,0.16977777777777775,,Bronze
