Provider_ID,Members,BP_Control_Rate,A1c_Control_Rate,LDL_Control_Rate,Avg_PMPM,ER_Visits_per_1000,Admit_Rate_per_1000,Readmission_Rate,BPD_Closure,CBP_Closure,COA_Closure,GSD_Closure,LSC_Closure,PPC_Closure,TRC_Closure,WCC_Closure,Chronic_Score,Preventive_Score,Care_Coordination_Score,Behavioral_Score,Composite_VBC_Score,Provider_Tier
P0009,57,0.5087719298245614,0.7719298245614035,0.24561403508771928,875.261444798392,491.2280701754386,280.7017543859649,0.5614035087719298,0.5454545454545454,0.4857142857142857,0.6052631578947368,0.6129032258064516,0.45454545454545453,0.7741935483870968,0.5714285714285714,0.43243243243243246,0.5087719298245613,0.5094238975817923,0.6728110599078341,0.6129032258064516,0.5625885660096186,Gold
P0020,64,0.515625,0.78125,0.3125,828.718057764047,421.875,140.625,0.578125,0.5,0.4888888888888889,0.5957446808510638,0.6595744680851063,0.575,0.5476190476190477,0.425531914893617,0.59375,0.5364583333333334,0.5661236702127659,0.4865754812563323,0.6595744680851063,0.5594112841945289,Gold
P0162,47,0.5957446808510638,0.8297872340425532,0.1702127659574468,851.929365972151,574.468085106383,42.5531914893617,0.48936170212765956,0.6666666666666666,0.46875,0.5185185185185185,0.5483870967741935,0.4117647058823529,0.6896551724137931,0.5588235294117647,0.53125,0.5319148936170213,0.5320499727668845,0.6242393509127789,0.5483870967741935,0.553712047869569,Gold
P0028,68,0.5441176470588235,0.7205882352941176,0.16176470588235295,864.7022453043855,382.35294117647055,102.94117647058823,0.5882352941176471,0.5609756097560976,0.391304347826087,0.5853658536585366,0.6666666666666666,0.5116279069767442,0.5576923076923077,0.58,0.5434782608695652,0.4754901960784314,0.550361907815236,0.5688461538461538,0.6666666666666666,0.5533607610359281,Gold
P0195,63,0.5079365079365079,0.746031746031746,0.31746031746031744,859.4358309584504,523.8095238095239,95.23809523809523,0.5873015873015873,0.5681818181818182,0.625,0.4523809523809524,0.7073170731707317,0.5116279069767442,0.5,0.45714285714285713,0.5384615384615384,0.5238095238095238,0.5176630540002634,0.47857142857142854,0.7073170731707317,0.5497424030875534,Gold
P0193,55,0.509090909090909,0.7272727272727273,0.2545454545454545,848.8893686524355,381.8181818181818,127.27272727272727,0.5272727272727272,0.5405405405405406,0.5526315789473685,0.4594594594594595,0.5641025641025641,0.6,0.6176470588235294,0.6176470588235294,0.5882352941176471,0.4969696969696969,0.5470588235294118,0.6176470588235294,0.5641025641025641,0.5485566982037571,Gold
P0127,62,0.5967741935483871,0.6935483870967742,0.25806451612903225,845.1092663226727,483.8709677419355,193.54838709677418,0.45161290322580644,0.5609756097560976,0.4878048780487805,0.5,0.6428571428571429,0.627906976744186,0.4634146341463415,0.4782608695652174,0.5909090909090909,0.5161290322580646,0.5699479193523437,0.4708377518557795,0.6428571428571429,0.5474856866838214,Gold
P0068,77,0.6623376623376623,0.8181818181818182,0.2077922077922078,859.1628522972836,389.61038961038963,246.75324675324674,0.5714285714285714,0.5,0.625,0.5555555555555556,0.6037735849056604,0.5,0.46296296296296297,0.5166666666666667,0.5094339622641509,0.5627705627705628,0.5162473794549266,0.4898148148148148,0.6037735849056604,0.5433535262780547,Gold
P0048,58,0.6379310344827587,0.6379310344827587,0.22413793103448276,864.2167686125001,465.51724137931035,224.13793103448276,0.46551724137931033,0.45454545454545453,0.5882352941176471,0.5,0.5897435897435898,0.5641025641025641,0.5405405405405406,0.5945945945945946,0.6052631578947368,0.5,0.5309777941356889,0.5675675675675675,0.5897435897435898,0.5401360138202244,Gold
P0159,47,0.6808510638297872,0.7021276595744681,0.1702127659574468,862.4755366405991,319.1489361702128,297.8723404255319,0.5319148936170213,0.6666666666666666,0.6774193548387096,0.41379310344827586,0.5666666666666667,0.4375,0.4722222222222222,0.7096774193548387,0.5142857142857142,0.5177304964539007,0.5080613711001642,0.5909498207885304,0.5666666666666667,0.5394542402643336,Gold
P0205,38,0.5789473684210527,0.7368421052631579,0.2894736842105263,862.1975284594041,368.4210526315789,105.26315789473684,0.6052631578947368,0.3076923076923077,0.5789473684210527,0.631578947368421,0.46153846153846156,0.5925925925925926,0.5769230769230769,0.64,0.625,0.5350877192982456,0.5392159619133303,0.6084615384615384,0.46153846153846156,0.5362085395111711,Gold
P0083,54,0.6481481481481481,0.6296296296296297,0.09259259259259259,872.1110249012941,462.962962962963,185.18518518518516,0.5185185185185185,0.4827586206896552,0.4594594594594595,0.5142857142857142,0.6,0.5757575757575758,0.5111111111111111,0.6410256410256411,0.6285714285714286,0.4567901234567901,0.5503433348260934,0.576068376068376,0.6,0.5354826484711542,Gold
P0089,49,0.5102040816326531,0.7755102040816326,0.16326530612244897,870.350301756497,387.7551020408163,204.08163265306123,0.40816326530612246,0.6,0.5,0.53125,0.5151515151515151,0.43333333333333335,0.5925925925925926,0.7142857142857143,0.5263157894736842,0.4829931972789115,0.5227247807017544,0.6534391534391535,0.5151515151515151,0.5346388954438767,Gold
P0186,63,0.6666666666666666,0.7936507936507936,0.3492063492063492,873.3353197290613,444.4444444444444,238.09523809523807,0.5873015873015873,0.5,0.525,0.45,0.5681818181818182,0.43243243243243246,0.5,0.36363636363636365,0.6222222222222222,0.6031746031746031,0.5011636636636636,0.4318181818181818,0.5681818181818182,0.5333416988416988,Gold
P0151,76,0.5526315789473685,0.6578947368421053,0.10526315789473684,855.3448970247114,434.2105263157895,236.8421052631579,0.5,0.5306122448979592,0.4418604651162791,0.6111111111111112,0.6136363636363636,0.574468085106383,0.5,0.660377358490566,0.46551724137931033,0.4385964912280702,0.545427170623691,0.5801886792452831,0.6136363636363636,0.5318354935439453,Gold
P0122,63,0.5873015873015873,0.746031746031746,0.1746031746031746,848.643484411179,333.3333333333333,142.85714285714286,0.5396825396825397,0.6,0.5121951219512195,0.5454545454545454,0.5581395348837209,0.4772727272727273,0.4666666666666667,0.5945945945945946,0.5652173913043478,0.5026455026455027,0.5469861660079052,0.5306306306306307,0.5581395348837209,0.5317567204316447,Gold
P0094,58,0.6206896551724138,0.7068965517241379,0.22413793103448276,862.093433202339,431.03448275862064,224.13793103448276,0.5172413793103449,0.6875,0.30952380952380953,0.4318181818181818,0.5454545454545454,0.5,0.6486486486486487,0.425,0.5128205128205128,0.5172413793103448,0.5330346736596736,0.5368243243243244,0.5454545454545454,0.531222723959793,Gold
P0199,68,0.6323529411764706,0.6764705882352942,0.1323529411764706,852.4048751063575,382.35294117647055,161.76470588235296,0.5441176470588235,0.6590909090909091,0.574468085106383,0.5,0.5849056603773585,0.4878048780487805,0.5714285714285714,0.45454545454545453,0.6,0.4803921568627451,0.5617239467849224,0.512987012987013,0.5849056603773585,0.530586729968731,Gold
P0152,53,0.5094339622641509,0.7169811320754716,0.1509433962264151,849.0540221301578,471.6981132075472,132.0754716981132,0.4716981132075472,0.5238095238095238,0.46153846153846156,0.6285714285714286,0.5833333333333334,0.6216216216216216,0.6363636363636364,0.5,0.4117647058823529,0.45911949685534587,0.5464418199712316,0.5681818181818181,0.5833333333333334,0.5302249788886859,Gold
P0146,57,0.543859649122807,0.6666666666666666,0.24561403508771928,842.5195600786993,385.96491228070175,157.89473684210526,0.49122807017543857,0.627906976744186,0.4634146341463415,0.35135135135135137,0.65,0.625,0.475,0.43902439024390244,0.5833333333333334,0.48538011695906436,0.5468979153572177,0.45701219512195124,0.65,0.5298554927513118,Gold
P0222,66,0.5606060606060606,0.7424242424242424,0.15151515151515152,835.0137167624755,454.5454545454545,212.12121212121212,0.4696969696969697,0.5306122448979592,0.5,0.575,0.5106382978723404,0.5,0.5306122448979592,0.6744186046511628,0.5555555555555556,0.48484848484848486,0.5402919501133787,0.602515424774561,0.5106382978723404,0.5290640057126414,Gold
P0148,46,0.4782608695652174,0.7391304347826086,0.17391304347826086,880.3463130216014,456.52173913043475,108.69565217391305,0.5652173913043478,0.6296296296296297,0.5217391304347826,0.4444444444444444,0.5294117647058824,0.4583333333333333,0.6428571428571429,0.5161290322580645,0.71875,0.463768115942029,0.5627893518518519,0.5794930875576036,0.5294117647058824,0.5277677860726651,Gold
P0175,51,0.45098039215686275,0.7843137254901961,0.3333333333333333,857.0636998503215,450.98039215686276,156.86274509803923,0.5294117647058824,0.48484848484848486,0.575,0.6111111111111112,0.4594594594594595,0.5172413793103449,0.5714285714285714,0.6216216216216216,0.5135135135135135,0.5228758169934641,0.5316786221958636,0.5965250965250966,0.4594594594594595,0.5273871868496616,Gold
P0110,78,0.6410256410256411,0.8076923076923077,0.20512820512820512,857.3395061300256,282.05128205128204,115.38461538461539,0.5384615384615384,0.5306122448979592,0.3888888888888889,0.42857142857142855,0.48214285714285715,0.4642857142857143,0.5510204081632653,0.5789473684210527,0.5964912280701754,0.5512820512820513,0.5049901539563194,0.564983888292159,0.48214285714285715,0.5272328486050292,Gold
P0036,59,0.559322033898305,0.7288135593220338,0.1864406779661017,850.3103593621736,457.6271186440678,254.23728813559322,0.5084745762711864,0.4857142857142857,0.5121951219512195,0.5555555555555556,0.5609756097560976,0.47368421052631576,0.6764705882352942,0.5135135135135135,0.46153846153846156,0.4915254237288135,0.4941231283336547,0.5949920508744038,0.5609756097560976,0.5268361436527439,Gold
P0155,50,0.52,0.86,0.08,854.7941983344152,500.0,140.0,0.5,0.5161290322580645,0.4117647058823529,0.5151515151515151,0.6451612903225806,0.47058823529411764,0.4444444444444444,0.40625,0.7333333333333333,0.48666666666666664,0.5588005290092577,0.4253472222222222,0.6451612903225806,0.5262991839648861,Gold
P0181,63,0.5079365079365079,0.7142857142857143,0.23809523809523808,849.6116553507651,412.69841269841265,269.8412698412698,0.5873015873015873,0.5681818181818182,0.4358974358974359,0.46153846153846156,0.6744186046511628,0.38636363636363635,0.46938775510204084,0.5581395348837209,0.4772727272727273,0.4867724867724868,0.4733391608391609,0.5137636449928809,0.6744186046511628,0.5259386107309696,Gold
P0054,75,0.48,0.6933333333333334,0.16,860.4346277022132,453.3333333333333,186.66666666666669,0.5733333333333334,0.66,0.4339622641509434,0.44680851063829785,0.5106382978723404,0.4528301886792453,0.58,0.6666666666666666,0.673469387755102,0.4444444444444444,0.5582770217681613,0.6233333333333333,0.5106382978723404,0.5253341145584421,Gold
P0150,61,0.5901639344262295,0.7213114754098361,0.18032786885245902,864.9516236058633,409.8360655737705,180.32786885245903,0.5409836065573771,0.5555555555555556,0.5897435897435898,0.391304347826087,0.5588235294117647,0.5128205128205128,0.5121951219512195,0.6571428571428571,0.5,0.4972677595628416,0.4899201040505388,0.5846689895470383,0.5588235294117647,0.5250018159860208,Gold
P0051,49,0.5918367346938775,0.8571428571428571,0.12244897959183673,860.2044191742792,224.48979591836735,224.48979591836735,0.5714285714285714,0.5428571428571428,0.4722222222222222,0.5945945945945946,0.5555555555555556,0.5666666666666667,0.35294117647058826,0.5151515151515151,0.5666666666666667,0.5238095238095238,0.5676962676962677,0.4340463458110517,0.5555555555555556,0.5244943828473241,Gold
P0015,60,0.55,0.8333333333333334,0.21666666666666667,872.8717075569955,350.0,216.66666666666669,0.5666666666666667,0.6153846153846154,0.5,0.6,0.5263157894736842,0.5,0.4523809523809524,0.4772727272727273,0.5,0.5333333333333333,0.5538461538461539,0.4648268398268398,0.5263157894736842,0.5239721156036945,Gold
P0225,64,0.546875,0.703125,0.28125,848.1888749238832,312.5,171.875,0.484375,0.5263157894736842,0.58,0.40816326530612246,0.5945945945945946,0.5555555555555556,0.4146341463414634,0.6086956521739131,0.46511627906976744,0.5104166666666666,0.4887877223512824,0.5116648992576882,0.5945945945945946,0.521445794362149,Gold
P0157,53,0.5660377358490566,0.8113207547169812,0.2830188679245283,839.2797089151279,509.4339622641509,132.0754716981132,0.4716981132075472,0.5,0.45454545454545453,0.5428571428571428,0.42424242424242425,0.7096774193548387,0.40476190476190477,0.5384615384615384,0.6052631578947368,0.5534591194968553,0.5894494300266796,0.4716117216117216,0.42424242424242425,0.5213235878172932,Gold
P0123,52,0.6153846153846154,0.6923076923076923,0.11538461538461539,851.1306826263123,461.53846153846155,269.2307692307692,0.5,0.4827586206896552,0.5151515151515151,0.4857142857142857,0.5833333333333334,0.5277777777777778,0.5882352941176471,0.5277777777777778,0.5151515151515151,0.4743589743589744,0.5028505498333085,0.5580065359477124,0.5833333333333334,0.5208609996044073,Gold
P0138,73,0.410958904109589,0.7534246575342466,0.273972602739726,851.132216540396,506.8493150684932,273.972602739726,0.5342465753424658,0.54,0.56,0.5416666666666666,0.5609756097560976,0.6,0.5,0.5106382978723404,0.5121951219512195,0.4794520547945205,0.5484654471544715,0.5053191489361701,0.5609756097560976,0.5202539344759521,Gold
P0128,68,0.4852941176470588,0.7352941176470589,0.14705882352941177,871.0915265417945,352.94117647058823,161.76470588235296,0.47058823529411764,0.4878048780487805,0.5348837209302325,0.5348837209302325,0.5111111111111111,0.5909090909090909,0.5777777777777777,0.5918367346938775,0.6,0.45588235294117646,0.553399422472026,0.5848072562358276,0.5111111111111111,0.5200178647027315,Gold
P0248,48,0.4583333333333333,0.8333333333333334,0.14583333333333334,864.41719733834,437.5,250.0,0.3958333333333333,0.5483870967741935,0.36666666666666664,0.42857142857142855,0.5588235294117647,0.47058823529411764,0.6451612903225806,0.6129032258064516,0.3939393939393939,0.4791666666666667,0.4603715386447834,0.6290322580645161,0.5588235294117647,0.5198085216491289,Gold
P0244,83,0.5662650602409639,0.7108433734939759,0.18072289156626506,875.5371082795593,373.49397590361446,240.96385542168676,0.5783132530120482,0.42857142857142855,0.5614035087719298,0.625,0.5081967213114754,0.5652173913043478,0.49122807017543857,0.6896551724137931,0.44,0.4859437751004016,0.5146972049689441,0.5904416212946159,0.5081967213114754,0.5193448939446512,Gold
P0029,54,0.48148148148148145,0.7407407407407407,0.12962962962962962,847.9015288289635,537.0370370370371,240.74074074074073,0.42592592592592593,0.6071428571428571,0.5757575757575758,0.5161290322580645,0.625,0.5,0.5365853658536586,0.4411764705882353,0.5526315789473685,0.45061728395061723,0.5439758670870726,0.4888809182209469,0.625,0.5192869572927672,Gold
P0223,72,0.5277777777777778,0.7916666666666666,0.18055555555555555,845.1524500244564,347.22222222222223,138.88888888888889,0.5277777777777778,0.46808510638297873,0.4782608695652174,0.48,0.5849056603773585,0.5,0.5531914893617021,0.5652173913043478,0.41509433962264153,0.5,0.46579486150140503,0.559204440333025,0.5849056603773585,0.5192445813624701,Gold
P0014,69,0.5072463768115942,0.7391304347826086,0.10144927536231885,840.610899417636,333.3333333333333,173.91304347826087,0.4492753623188406,0.5434782608695652,0.46938775510204084,0.46808510638297873,0.5918367346938775,0.5,0.5490196078431373,0.5,0.65,0.4492753623188406,0.540390841813136,0.5245098039215687,0.5918367346938775,0.5183468593727963,Gold
P0194,58,0.6379310344827587,0.7931034482758621,0.20689655172413793,832.9424156483093,482.7586206896552,224.13793103448276,0.4482758620689655,0.5227272727272727,0.48484848484848486,0.45161290322580644,0.5405405405405406,0.5405405405405406,0.47368421052631576,0.525,0.41379310344827586,0.5459770114942529,0.4821684549854739,0.4993421052631579,0.5405405405405406,0.5176963402348334,Gold
P0177,54,0.5555555555555556,0.7222222222222222,0.3333333333333333,847.698106425188,555.5555555555555,296.2962962962963,0.4444444444444444,0.5,0.5384615384615384,0.6571428571428571,0.47058823529411764,0.5263157894736842,0.5483870967741935,0.5428571428571428,0.35294117647058826,0.537037037037037,0.5090999557717824,0.5456221198156681,0.47058823529411764,0.517641910489908,Gold
P0065,60,0.48333333333333334,0.7166666666666667,0.23333333333333334,854.9716191377632,366.66666666666663,233.33333333333334,0.4166666666666667,0.41025641025641024,0.40540540540540543,0.48717948717948717,0.6410256410256411,0.47619047619047616,0.55,0.5454545454545454,0.43478260869565216,0.4777777777777778,0.45210224558050643,0.5477272727272727,0.6410256410256411,0.5172281004020135,Gold
P0188,66,0.45454545454545453,0.6666666666666666,0.18181818181818182,857.2457000587059,303.03030303030306,151.51515151515153,0.5303030303030303,0.4878048780487805,0.5116279069767442,0.5294117647058824,0.675,0.46511627906976744,0.5217391304347826,0.5,0.5306122448979592,0.4343434343434343,0.5032362916805974,0.5108695652173914,0.675,0.5170699737039446,Gold
P0236,57,0.543859649122807,0.7192982456140351,0.2807017543859649,829.8869512154599,350.8771929824561,157.89473684210526,0.49122807017543857,0.45714285714285713,0.6666666666666666,0.3953488372093023,0.5476190476190477,0.47368421052631576,0.5789473684210527,0.5555555555555556,0.5142857142857142,0.5146198830409356,0.46011540479104734,0.5672514619883041,0.5476190476190477,0.5164847778360631,Gold
P0070,69,0.6666666666666666,0.6666666666666666,0.11594202898550725,853.0446215632081,420.28985507246375,202.8985507246377,0.6086956521739131,0.5652173913043478,0.48936170212765956,0.5,0.49019607843137253,0.4791666666666667,0.675,0.5510204081632653,0.46808510638297873,0.4830917874396135,0.5031172910884982,0.6130102040816326,0.49019607843137253,0.5161034699880569,Gold
P0099,60,0.5166666666666667,0.6333333333333333,0.25,825.8230999721847,366.66666666666663,166.66666666666666,0.48333333333333334,0.43243243243243246,0.6097560975609756,0.6923076923076923,0.5897435897435898,0.5,0.48717948717948717,0.5121951219512195,0.4878048780487805,0.4666666666666666,0.5281362506972263,0.4996873045653534,0.5897435897435898,0.5150976623903453,Gold
P0103,75,0.5066666666666667,0.8,0.17333333333333334,843.9682801263544,466.6666666666667,266.6666666666667,0.48,0.4489795918367347,0.5777777777777777,0.5348837209302325,0.5510204081632653,0.44680851063829785,0.6346153846153846,0.5121951219512195,0.45098039215686275,0.49333333333333335,0.47041305389053195,0.573405253283302,0.5510204081632653,0.5144674540453291,Gold
P0163,67,0.5074626865671642,0.6716417910447762,0.22388059701492538,855.2133815447379,417.910447761194,134.32835820895522,0.4626865671641791,0.5116279069767442,0.6428571428571429,0.5121951219512195,0.6170212765957447,0.5,0.5,0.5111111111111111,0.4791666666666667,0.4676616915422886,0.5007474238986576,0.5055555555555555,0.6170212765957447,0.5143763864154165,Gold
P0215,47,0.574468085106383,0.7872340425531915,0.23404255319148937,854.2344322143116,361.7021276595745,170.2127659574468,0.425531914893617,0.5294117647058824,0.4864864864864865,0.5142857142857142,0.45161290322580644,0.5294117647058824,0.5833333333333334,0.5357142857142857,0.45161290322580644,0.5319148936170214,0.5061805367308213,0.5595238095238095,0.45161290322580644,0.5141706587920001,Silver
P0084,71,0.6056338028169014,0.7323943661971831,0.07042253521126761,854.6288326185722,366.19718309859155,267.6056338028169,0.5070422535211268,0.5957446808510638,0.4166666666666667,0.5652173913043478,0.5476190476190477,0.4166666666666667,0.5,0.46511627906976744,0.6739130434782609,0.4694835680751173,0.5628854455750848,0.4825581395348837,0.5476190476190477,0.5138781039758477,Silver
P0071,49,0.673469387755102,0.7346938775510204,0.20408163265306123,865.0417337852917,367.34693877551024,163.26530612244898,0.42857142857142855,0.4642857142857143,0.5454545454545454,0.4857142857142857,0.48484848484848486,0.5714285714285714,0.5161290322580645,0.5428571428571428,0.4594594594594595,0.5374149659863946,0.4952220077220077,0.5294930875576036,0.48484848484848486,0.5135032657590262,Silver
P0003,60,0.5,0.8166666666666667,0.16666666666666666,828.7513037452306,350.0,283.3333333333333,0.4666666666666667,0.6,0.5277777777777778,0.4594594594594595,0.6052631578947368,0.5588235294117647,0.40476190476190477,0.4358974358974359,0.525,0.49444444444444446,0.535820747217806,0.42032967032967034,0.6052631578947368,0.5133705970880894,Silver
P0039,74,0.5675675675675675,0.7972972972972973,0.2702702702702703,849.4623355468726,594.5945945945946,189.1891891891892,0.3918918918918919,0.5849056603773585,0.45454545454545453,0.5098039215686274,0.48936170212765956,0.47058823529411764,0.46808510638297873,0.5636363636363636,0.40425531914893614,0.545045045045045,0.49238828409726,0.5158607350096711,0.48936170212765956,0.5133276213891134,Silver
P0038,52,0.5192307692307693,0.7115384615384616,0.25,835.1368290751926,365.38461538461536,96.15384615384616,0.4807692307692308,0.5757575757575758,0.53125,0.5,0.6,0.5625,0.34375,0.4827586206896552,0.5428571428571428,0.4935897435897436,0.5452786796536796,0.4132543103448276,0.6,0.5132776103207138,Silver
P0178,58,0.5862068965517241,0.7241379310344828,0.15517241379310345,836.1979269466208,362.0689655172414,86.20689655172414,0.43103448275862066,0.5641025641025641,0.7619047619047619,0.5428571428571428,0.6060606060606061,0.3611111111111111,0.5,0.47058823529411764,0.5128205128205128,0.48850574712643674,0.49522283272283274,0.4852941176470588,0.6060606060606061,0.5132551769843859,Silver
P0008,56,0.5535714285714286,0.75,0.26785714285714285,846.643142434417,392.85714285714283,196.42857142857142,0.5535714285714286,0.47368421052631576,0.4,0.5,0.5333333333333333,0.43243243243243246,0.6111111111111112,0.4523809523809524,0.48717948717948717,0.5238095238095238,0.47332403253455885,0.5317460317460317,0.5333333333333333,0.5131656497445971,Silver
P0093,66,0.6212121212121212,0.6818181818181818,0.16666666666666666,847.8808490314212,500.0,166.66666666666666,0.5303030303030303,0.5652173913043478,0.4782608695652174,0.5555555555555556,0.5897435897435898,0.5238095238095238,0.35555555555555557,0.5,0.5365853658536586,0.4898989898989899,0.5452919591307714,0.4277777777777778,0.5897435897435898,0.5129536988285662,Silver
P0050,53,0.5660377358490566,0.6981132075471698,0.1509433962264151,838.8581554575296,452.8301886792453,188.67924528301887,0.37735849056603776,0.5625,0.6857142857142857,0.4166666666666667,0.6551724137931034,0.4722222222222222,0.45714285714285713,0.5526315789473685,0.40540540540540543,0.4716981132075471,0.4641985735735736,0.5048872180451128,0.6551724137931034,0.5129309231946589,Silver
P0145,66,0.48484848484848486,0.6818181818181818,0.25757575757575757,850.1746563866853,318.1818181818182,227.27272727272725,0.3787878787878788,0.5652173913043478,0.6511627906976745,0.45,0.6097560975609756,0.5625,0.5625,0.5,0.3191489361702128,0.4747474747474747,0.47421658186864013,0.53125,0.6097560975609756,0.5129010543546062,Silver
P0111,54,0.5740740740740741,0.7407407407407407,0.18518518518518517,854.3884784692797,407.4074074074074,203.7037037037037,0.5,0.47058823529411764,0.21875,0.45,0.5263157894736842,0.5128205128205128,0.5,0.5666666666666667,0.5789473684210527,0.5,0.5030890291339207,0.5333333333333333,0.5263157894736842,0.5127947527189014,Silver
P0047,77,0.6103896103896104,0.7662337662337663,0.23376623376623376,859.2047474960584,402.5974025974026,298.7012987012987,0.4935064935064935,0.5272727272727272,0.4489795918367347,0.3877551020408163,0.5416666666666666,0.6078431372549019,0.41818181818181815,0.46153846153846156,0.5434782608695652,0.5367965367965368,0.5165873068595026,0.43986013986013983,0.5416666666666666,0.5127246990009138,Silver
P0203,55,0.4909090909090909,0.7454545454545455,0.2,848.7988197524655,400.0,145.45454545454544,0.509090909090909,0.4473684210526316,0.6153846153846154,0.575,0.48717948717948717,0.5517241379310345,0.4722222222222222,0.6666666666666666,0.5428571428571428,0.47878787878787876,0.5292374254602022,0.5694444444444444,0.48717948717948717,0.5127233866657642,Silver
P0124,65,0.5538461538461539,0.6923076923076923,0.2153846153846154,825.4595472865119,400.0,169.23076923076923,0.47692307692307695,0.5,0.41025641025641024,0.6111111111111112,0.5609756097560976,0.5,0.5,0.5454545454545454,0.38461538461538464,0.4871794871794872,0.49893162393162394,0.5227272727272727,0.5609756097560976,0.5123388670949647,Silver
P0012,52,0.5769230769230769,0.6153846153846154,0.17307692307692307,861.7880188129567,269.2307692307692,153.84615384615387,0.5,0.5,0.38235294117647056,0.5294117647058824,0.5757575757575758,0.4722222222222222,0.5,0.6,0.5151515151515151,0.4551282051282051,0.5041963755199049,0.55,0.5757575757575758,0.5119675259381142,Silver
P0187,52,0.5192307692307693,0.6730769230769231,0.25,824.5376615537467,346.15384615384613,230.76923076923077,0.5384615384615384,0.46153846153846156,0.45161290322580644,0.4473684210526316,0.5789473684210527,0.5588235294117647,0.6052631578947368,0.45161290322580644,0.4722222222222222,0.48076923076923084,0.48498815855627,0.5284380305602716,0.5789473684210527,0.5111199180381744,Silver
P0049,50,0.62,0.64,0.06,871.504243827702,320.0,220.0,0.56,0.5,0.42857142857142855,0.5161290322580645,0.5277777777777778,0.3333333333333333,0.625,0.6176470588235294,0.6571428571428571,0.44,0.5016513056835638,0.6213235294117647,0.5277777777777778,0.5110826270293063,Silver
P0174,59,0.4915254237288136,0.6949152542372882,0.13559322033898305,829.3452167122803,474.5762711864407,322.03389830508473,0.4915254237288136,0.42857142857142855,0.5641025641025641,0.5641025641025641,0.6046511627906976,0.5853658536585366,0.5128205128205128,0.5853658536585366,0.3902439024390244,0.4406779661016949,0.4920709371928884,0.5490931832395247,0.6046511627906976,0.5095456807725955,Silver
P0107,60,0.5,0.6333333333333333,0.2,836.3908644583437,516.6666666666667,233.33333333333334,0.5833333333333334,0.5,0.5208333333333334,0.625,0.4864864864864865,0.5128205128205128,0.5476190476190477,0.5,0.7142857142857143,0.4444444444444444,0.5880265567765568,0.5238095238095238,0.4864864864864865,0.5089288601788602,Silver
P0001,72,0.5138888888888888,0.7222222222222222,0.19444444444444445,826.399685798609,277.77777777777777,222.2222222222222,0.4583333333333333,0.5116279069767442,0.6041666666666666,0.5106382978723404,0.5384615384615384,0.4339622641509434,0.5416666666666666,0.6415094339622641,0.40476190476190477,0.47685185185185186,0.46524759344048316,0.5915880503144654,0.5384615384615384,0.5088718365111287,Silver
P0040,54,0.5925925925925926,0.7222222222222222,0.24074074074074073,841.2495085894321,388.8888888888889,185.18518518518516,0.3333333333333333,0.5384615384615384,0.5294117647058824,0.4857142857142857,0.5277777777777778,0.38461538461538464,0.5263157894736842,0.5135135135135135,0.4878048780487805,0.5185185185185185,0.4741490217099973,0.5199146514935988,0.5277777777777778,0.5082261378590005,Silver
P0243,60,0.6,0.75,0.1,860.142421367479,333.3333333333333,216.66666666666669,0.4666666666666667,0.6052631578947368,0.34146341463414637,0.41025641025641024,0.5641025641025641,0.6153846153846154,0.4523809523809524,0.42857142857142855,0.5476190476190477,0.4833333333333334,0.5446308077887025,0.44047619047619047,0.5641025641025641,0.5080790437632544,Silver
P0053,60,0.5166666666666667,0.7333333333333333,0.1,849.1335816908005,333.3333333333333,216.66666666666669,0.5166666666666667,0.5625,0.5428571428571428,0.5384615384615384,0.5135135135135135,0.42105263157894735,0.45454545454545453,0.6666666666666666,0.6097560975609756,0.45,0.5329425669003653,0.5606060606060606,0.5135135135135135,0.5080478335560171,Silver
P0126,55,0.45454545454545453,0.7818181818181819,0.16363636363636364,854.2230097524447,345.45454545454544,218.18181818181816,0.41818181818181815,0.6216216216216216,0.5277777777777778,0.5675675675675675,0.5428571428571428,0.48484848484848486,0.5641025641025641,0.4594594594594595,0.4358974358974359,0.4666666666666666,0.5274837774837775,0.5117810117810118,0.5428571428571428,0.507956421956422,Silver
P0018,60,0.5,0.7666666666666667,0.26666666666666666,862.5194128099099,500.0,233.33333333333334,0.45,0.37777777777777777,0.6046511627906976,0.4857142857142857,0.6153846153846154,0.45,0.3333333333333333,0.6097560975609756,0.5,0.5111111111111111,0.45337301587301587,0.4715447154471545,0.6153846153846154,0.5078858661663539,Silver
P0120,49,0.5306122448979592,0.8367346938775511,0.20408163265306123,850.587879135728,489.7959183673469,163.26530612244898,0.6326530612244898,0.6285714285714286,0.5405405405405406,0.5294117647058824,0.5,0.45714285714285713,0.40625,0.48148148148148145,0.5483870967741935,0.5238095238095238,0.5408782867985904,0.4438657407407407,0.5,0.5078381160708011,Silver
P0173,59,0.6440677966101694,0.8305084745762712,0.1694915254237288,855.6493924211871,440.6779661016949,186.4406779661017,0.5084745762711864,0.5172413793103449,0.4523809523809524,0.46153846153846156,0.48717948717948717,0.5681818181818182,0.4883720930232558,0.4722222222222222,0.4358974358974359,0.5480225988700566,0.49571477373201517,0.480297157622739,0.48717948717948717,0.5076626972438276,Silver
P0021,64,0.609375,0.78125,0.125,838.6883212198591,500.0,187.5,0.53125,0.5681818181818182,0.5277777777777778,0.4666666666666667,0.6341463414634146,0.36666666666666664,0.43478260869565216,0.4883720930232558,0.40476190476190477,0.5052083333333334,0.4515692640692641,0.46157735085945395,0.6341463414634146,0.5072507990706343,Silver
P0101,70,0.5857142857142857,0.7571428571428571,0.17142857142857143,863.3484129088981,385.7142857142857,214.28571428571428,0.5714285714285714,0.40816326530612246,0.48717948717948717,0.32653061224489793,0.5625,0.3695652173913043,0.6521739130434783,0.5192307692307693,0.5416666666666666,0.5047619047619049,0.41148144040224777,0.5857023411371238,0.5625,0.5063790810638638,Silver
P0041,59,0.576271186440678,0.6779661016949152,0.1694915254237288,868.3051621027888,322.03389830508473,186.4406779661017,0.4576271186440678,0.6410256410256411,0.6046511627906976,0.55,0.5,0.46153846153846156,0.5526315789473685,0.5238095238095238,0.43902439024390244,0.4745762711864407,0.5228971232020013,0.5382205513784462,0.5,0.5059197115519106,Silver
P0228,46,0.5434782608695652,0.8043478260869565,0.13043478260869565,849.7491253656001,391.304347826087,173.91304347826087,0.43478260869565216,0.5357142857142857,0.5151515151515151,0.36363636363636365,0.5714285714285714,0.5,0.5714285714285714,0.41379310344827586,0.5333333333333333,0.49275362318840576,0.48317099567099564,0.4926108374384236,0.5714285714285714,0.5057769199815677,Silver
P0165,66,0.5757575757575758,0.7575757575757576,0.19696969696969696,847.3830319441308,484.8484848484849,196.96969696969697,0.45454545454545453,0.5319148936170213,0.42105263157894735,0.5238095238095238,0.5319148936170213,0.4473684210526316,0.4883720930232558,0.48717948717948717,0.47619047619047616,0.5101010101010102,0.49482082866741317,0.4877757901013715,0.5319148936170213,0.5057202920028775,Silver
P0153,52,0.5961538461538461,0.7115384615384616,0.15384615384615385,854.7127724720356,480.7692307692308,153.84615384615387,0.36538461538461536,0.5142857142857142,0.43333333333333335,0.6052631578947368,0.5526315789473685,0.4117647058823529,0.5263157894736842,0.5,0.41935483870967744,0.4871794871794872,0.4876671041931203,0.513157894736842,0.5526315789473685,0.5056021198083517,Silver
P0106,64,0.609375,0.75,0.109375,868.2692663473373,390.625,140.625,0.53125,0.5,0.5609756097560976,0.4634146341463415,0.5416666666666666,0.5714285714285714,0.5,0.5111111111111111,0.45652173913043476,0.4895833333333333,0.4978412361763369,0.5055555555555555,0.5416666666666666,0.5055066572404855,Silver
P0090,69,0.4782608695652174,0.7536231884057971,0.15942028985507245,854.2946682633726,550.7246376811594,202.8985507246377,0.5362318840579711,0.5,0.5510204081632653,0.5957446808510638,0.4523809523809524,0.5686274509803921,0.6274509803921569,0.4523809523809524,0.6,0.46376811594202905,0.566093032957864,0.5399159663865546,0.4523809523809524,0.5053712300831525,Silver
P0130,72,0.5555555555555556,0.7222222222222222,0.2222222222222222,824.673283894318,305.5555555555556,291.6666666666667,0.625,0.5625,0.5689655172413793,0.6458333333333334,0.4222222222222222,0.5476190476190477,0.5306122448979592,0.4634146341463415,0.5510204081632653,0.5,0.5767431972789117,0.4970134395221504,0.4222222222222222,0.5053352275869698,Silver
P0234,60,0.5,0.7333333333333333,0.11666666666666667,834.5945917557782,416.6666666666667,183.33333333333331,0.6166666666666667,0.3783783783783784,0.37209302325581395,0.6136363636363636,0.5641025641025641,0.6,0.5116279069767442,0.5116279069767442,0.4864864864864865,0.45,0.5196253071253071,0.5116279069767442,0.5641025641025641,0.5046411802109477,Silver
P0026,63,0.5873015873015873,0.7936507936507936,0.1746031746031746,833.0226063205116,380.9523809523809,222.2222222222222,0.47619047619047616,0.5454545454545454,0.4418604651162791,0.4666666666666667,0.47619047619047616,0.5961538461538461,0.43243243243243246,0.5128205128205128,0.5142857142857142,0.5185185185185185,0.5306401931401932,0.4726264726264726,0.47619047619047616,0.5042685697685698,Silver
P0129,56,0.4642857142857143,0.7678571428571429,0.14285714285714285,860.8292399814717,446.42857142857144,178.57142857142858,0.5178571428571429,0.40540540540540543,0.5777777777777777,0.5945945945945946,0.5238095238095238,0.48717948717948717,0.5625,0.5,0.6,0.4583333333333333,0.5217948717948718,0.53125,0.5238095238095238,0.5037811355311356,Silver
P0046,44,0.4318181818181818,0.75,0.25,848.4680186474935,454.5454545454545,227.27272727272725,0.5227272727272727,0.36363636363636365,0.5806451612903226,0.5151515151515151,0.5625,0.5483870967741935,0.5454545454545454,0.5161290322580645,0.46153846153846156,0.4772727272727273,0.4721783592751335,0.530791788856305,0.5625,0.5035955710955711,Silver
P0031,66,0.5454545454545454,0.6818181818181818,0.22727272727272727,869.768394095833,318.1818181818182,212.12121212121212,0.6666666666666666,0.4489795918367347,0.42857142857142855,0.5853658536585366,0.5238095238095238,0.5116279069767442,0.48936170212765956,0.46153846153846156,0.5714285714285714,0.4848484848484848,0.5293504809751467,0.4754500818330606,0.5238095238095238,0.5032215709530732,Silver
P0233,66,0.5,0.6666666666666666,0.21212121212121213,868.0811583218602,393.93939393939394,196.96969696969697,0.5151515151515151,0.5121951219512195,0.47619047619047616,0.5217391304347826,0.45652173913043476,0.4444444444444444,0.6,0.6,0.5813953488372093,0.45959595959595956,0.514943511416914,0.6,0.45652173913043476,0.50255923809353,Silver
P0158,69,0.5507246376811594,0.7101449275362319,0.15942028985507245,862.1829305885234,405.7971014492754,101.44927536231884,0.4492753623188406,0.45,0.40816326530612246,0.5227272727272727,0.6078431372549019,0.5897435897435898,0.5102040816326531,0.43137254901960786,0.3695652173913043,0.4734299516908213,0.4830090199655417,0.47078831532613047,0.6078431372549019,0.502466400647621,Silver
P0161,69,0.42028985507246375,0.6956521739130435,0.15942028985507245,867.83182874826,463.768115942029,202.8985507246377,0.5072463768115942,0.4,0.4883720930232558,0.5,0.5106382978723404,0.5714285714285714,0.65,0.5869565217391305,0.5294117647058824,0.42512077294685996,0.5002100840336134,0.6184782608695653,0.5106382978723404,0.5019207826207881,Silver
P0208,74,0.5135135135135135,0.7432432432432432,0.14864864864864866,838.79971652097,297.2972972972973,243.24324324324326,0.5540540540540541,0.5818181818181818,0.5208333333333334,0.4772727272727273,0.4791666666666667,0.5238095238095238,0.5918367346938775,0.4489795918367347,0.5882352941176471,0.4684684684684684,0.54278393175452,0.5204081632653061,0.4791666666666667,0.5018043767875701,Silver
P0061,61,0.4918032786885246,0.7213114754098361,0.26229508196721313,856.183535164902,426.22950819672127,147.54098360655738,0.45901639344262296,0.43902439024390244,0.5384615384615384,0.47619047619047616,0.5294117647058824,0.5,0.4864864864864865,0.4888888888888889,0.5882352941176471,0.49180327868852464,0.5008625401380065,0.48768768768768767,0.5294117647058824,0.5010384508976837,Silver
P0229,80,0.5,0.75,0.125,853.2014626626166,400.0,175.0,0.5125,0.5106382978723404,0.5333333333333333,0.5740740740740741,0.46,0.4791666666666667,0.56,0.6,0.5254237288135594,0.4583333333333333,0.5223256918566601,0.5800000000000001,0.46,0.5009178603865315,Silver
P0189,55,0.45454545454545453,0.6363636363636364,0.09090909090909091,844.214287053467,490.9090909090909,218.18181818181816,0.41818181818181815,0.5161290322580645,0.4594594594594595,0.6052631578947368,0.5405405405405406,0.5588235294117647,0.6046511627906976,0.4838709677419355,0.5714285714285714,0.39393939393939387,0.5629110727482843,0.5442610652663166,0.5405405405405406,0.5006360275914971,Silver
P0135,42,0.5238095238095238,0.7619047619047619,0.2857142857142857,829.4854905761881,333.3333333333333,119.04761904761904,0.42857142857142855,0.5333333333333333,0.39285714285714285,0.42424242424242425,0.43478260869565216,0.5555555555555556,0.5,0.6,0.42857142857142855,0.5238095238095237,0.4854256854256854,0.55,0.43478260869565216,0.50049476127737,Silver
P0147,62,0.532258064516129,0.7096774193548387,0.20967741935483872,837.8686294494828,500.0,64.51612903225806,0.5161290322580645,0.5128205128205128,0.5454545454545454,0.4791666666666667,0.5609756097560976,0.4634146341463415,0.45454545454545453,0.4772727272727273,0.5476190476190477,0.4838709677419355,0.5007552153131422,0.46590909090909094,0.5609756097560976,0.5004271100981369,Silver
P0211,63,0.4603174603174603,0.7301587301587301,0.1746031746031746,861.1835243339127,412.69841269841265,126.98412698412697,0.5396825396825397,0.5,0.5111111111111111,0.6216216216216216,0.5217391304347826,0.36363636363636365,0.5333333333333333,0.5238095238095238,0.5813953488372093,0.45502645502645506,0.5166633335237987,0.5285714285714286,0.5217391304347826,0.5003363107963715,Silver
P0052,53,0.5094339622641509,0.6981132075471698,0.2830188679245283,843.5243696149436,471.6981132075472,132.0754716981132,0.5094339622641509,0.6585365853658537,0.3939393939393939,0.5405405405405406,0.4482758620689655,0.6,0.48484848484848486,0.4074074074074074,0.5128205128205128,0.49685534591194963,0.5779744096817268,0.44612794612794615,0.4482758620689655,0.4997073070420897,Silver
P0116,55,0.6,0.7636363636363637,0.3090909090909091,853.4757368391024,345.45454545454544,236.36363636363635,0.5636363636363636,0.47619047619047616,0.5294117647058824,0.5135135135135135,0.5135135135135135,0.4,0.5142857142857142,0.4444444444444444,0.358974358974359,0.5575757575757576,0.4371695871695872,0.4793650793650793,0.5135135135135135,0.49940744540744547,Silver
P0063,58,0.5172413793103449,0.7241379310344828,0.15517241379310345,867.0223965549845,448.2758620689655,137.9310344827586,0.5344827586206896,0.48717948717948717,0.5757575757575758,0.6818181818181818,0.47368421052631576,0.5277777777777778,0.3953488372093023,0.6052631578947368,0.5263157894736842,0.46551724137931033,0.5557728090622827,0.5003059975520195,0.47368421052631576,0.49937994539448555,Silver
P0241,60,0.5666666666666667,0.75,0.18333333333333332,838.3285370206048,266.6666666666667,250.0,0.5166666666666667,0.6190476190476191,0.46511627906976744,0.3888888888888889,0.4864864864864865,0.5,0.5,0.4523809523809524,0.5882352941176471,0.5,0.5240429505135388,0.47619047619047616,0.4864864864864865,0.49926741867918345,Silver
P0059,68,0.4852941176470588,0.6617647058823529,0.2647058823529412,862.9667312811158,426.4705882352941,176.47058823529412,0.47058823529411764,0.4666666666666667,0.5319148936170213,0.5238095238095238,0.6304347826086957,0.5365853658536586,0.37209302325581395,0.4230769230769231,0.5111111111111111,0.4705882352941176,0.50954316686024,0.39758497316636854,0.6304347826086957,0.4988642731699977,Silver
P0066,56,0.4642857142857143,0.7142857142857143,0.125,859.4759558807654,482.14285714285717,232.14285714285714,0.5714285714285714,0.45454545454545453,0.5142857142857142,0.5405405405405406,0.5454545454545454,0.4090909090909091,0.5384615384615384,0.631578947368421,0.5,0.43452380952380953,0.4760442260442261,0.5850202429149798,0.5454545454545454,0.4984349600139074,Silver
P0246,61,0.45901639344262296,0.7540983606557377,0.2786885245901639,831.6757846787954,327.86885245901635,114.75409836065575,0.4098360655737705,0.4444444444444444,0.43243243243243246,0.6046511627906976,0.43243243243243246,0.6888888888888889,0.4722222222222222,0.5789473684210527,0.37209302325581395,0.4972677595628416,0.5275193798449612,0.5255847953216375,0.43243243243243246,0.49843455496751243,Silver
P0042,66,0.4696969696969697,0.803030303030303,0.19696969696969696,851.5422677163256,393.93939393939394,257.57575757575756,0.42424242424242425,0.6585365853658537,0.4666666666666667,0.4473684210526316,0.4222222222222222,0.5319148936170213,0.6730769230769231,0.46938775510204084,0.4,0.4898989898989899,0.5094549750088766,0.571232339089482,0.4222222222222222,0.4981059820325031,Silver
P0055,75,0.48,0.6933333333333334,0.28,862.8082821262506,346.6666666666667,280.0,0.56,0.44680851063829785,0.5416666666666666,0.5416666666666666,0.47058823529411764,0.5833333333333334,0.4782608695652174,0.5,0.5849056603773585,0.48444444444444446,0.5391785427539141,0.4891304347826087,0.47058823529411764,0.49793594820866344,Silver
P0062,56,0.5357142857142857,0.6785714285714286,0.10714285714285714,867.9488923794306,392.85714285714283,214.28571428571428,0.42857142857142855,0.5142857142857142,0.43243243243243246,0.5428571428571428,0.5348837209302325,0.4864864864864865,0.48484848484848486,0.6285714285714286,0.4358974358974359,0.4404761904761905,0.4948816948816948,0.5567099567099567,0.5348837209302325,0.49783799104729337,Silver
P0108,68,0.47058823529411764,0.8529411764705882,0.14705882352941177,856.8755065354427,470.5882352941176,191.17647058823528,0.47058823529411764,0.4583333333333333,0.5,0.42,0.5510204081632653,0.5813953488372093,0.37209302325581395,0.5777777777777777,0.4791666666666667,0.49019607843137253,0.48472383720930234,0.47493540051679584,0.5510204081632653,0.49777658125265606,Silver
P0115,61,0.5409836065573771,0.7540983606557377,0.19672131147540983,833.2371018713974,360.65573770491807,278.6885245901639,0.45901639344262296,0.5121951219512195,0.5365853658536586,0.5238095238095238,0.475,0.42105263157894735,0.4634146341463415,0.5277777777777778,0.6052631578947368,0.49726775956284147,0.5155801088086068,0.49559620596205967,0.475,0.49760735471893114,Silver
P0081,51,0.43137254901960786,0.6274509803921569,0.17647058823529413,837.7792391162579,490.19607843137254,294.11764705882354,0.5686274509803921,0.6578947368421053,0.47058823529411764,0.5526315789473685,0.5151515151515151,0.631578947368421,0.5454545454545454,0.5588235294117647,0.3333333333333333,0.411764705882353,0.543859649122807,0.5521390374331551,0.5151515151515151,0.49750351815367294,Silver
P0034,58,0.5862068965517241,0.7586206896551724,0.10344827586206896,879.412158910895,482.7586206896552,241.3793103448276,0.46551724137931033,0.48717948717948717,0.39473684210526316,0.5121951219512195,0.4883720930232558,0.38461538461538464,0.5121951219512195,0.5641025641025641,0.5833333333333334,0.4827586206896551,0.4918308317698562,0.5381488430268918,0.4883720930232558,0.4974995787262789,Silver
P0078,57,0.47368421052631576,0.7192982456140351,0.15789473684210525,838.0768512563964,333.3333333333333,192.98245614035088,0.5087719298245614,0.5714285714285714,0.35135135135135137,0.40476190476190477,0.47058823529411764,0.575,0.4864864864864865,0.6388888888888888,0.5384615384615384,0.4502923976608187,0.5224130036630036,0.5626876876876876,0.47058823529411764,0.49702439287346406,Silver
P0217,67,0.47761194029850745,0.7014925373134329,0.1044776119402985,854.4641886249088,537.3134328358209,238.80597014925374,0.5074626865671642,0.4489795918367347,0.42857142857142855,0.38636363636363635,0.6444444444444445,0.45098039215686275,0.5714285714285714,0.4883720930232558,0.5,0.427860696517413,0.4465809050893084,0.5299003322259136,0.6444444444444445,0.49682703164465014,Silver
P0198,53,0.660377358490566,0.7924528301886793,0.22641509433962265,859.6794794292813,264.1509433962264,132.0754716981132,0.5660377358490566,0.5517241379310345,0.42857142857142855,0.5,0.35135135135135137,0.42857142857142855,0.5135135135135135,0.6111111111111112,0.43243243243243246,0.559748427672956,0.4781819997337239,0.5623123123123124,0.35135135135135137,0.4957431895135214,Silver
P0136,56,0.5892857142857143,0.7678571428571429,0.17857142857142858,851.9106135602717,446.42857142857144,285.7142857142857,0.5892857142857143,0.4634146341463415,0.53125,0.5833333333333334,0.46511627906976744,0.5121951219512195,0.3783783783783784,0.5833333333333334,0.47368421052631576,0.511904761904762,0.5081568249893026,0.4808558558558559,0.46511627906976744,0.49528786179165324,Silver
P0013,68,0.5,0.7794117647058824,0.16176470588235295,852.5601803810414,367.64705882352945,205.88235294117646,0.4852941176470588,0.4878048780487805,0.4888888888888889,0.6,0.45652173913043476,0.5952380952380952,0.5217391304347826,0.4883720930232558,0.44680851063829785,0.4803921568627451,0.5324628709812934,0.5050556117290192,0.45652173913043476,0.4951305642427314,Silver
P0057,64,0.484375,0.71875,0.15625,859.7588030417917,390.625,218.75,0.546875,0.6428571428571429,0.5952380952380952,0.5,0.5098039215686274,0.5789473684210527,0.375,0.5609756097560976,0.4857142857142857,0.453125,0.5518796992481203,0.4679878048780488,0.5098039215686274,0.495084661078809,Silver
P0197,46,0.5434782608695652,0.6739130434782609,0.15217391304347827,826.2853100764154,652.1739130434783,195.6521739130435,0.5434782608695652,0.34375,0.6896551724137931,0.5172413793103449,0.4482758620689655,0.5588235294117647,0.5357142857142857,0.6428571428571429,0.6,0.4565217391304348,0.5049537271805274,0.5892857142857143,0.4482758620689655,0.49498631540322285,Silver
P0074,71,0.4225352112676056,0.676056338028169,0.23943661971830985,851.3243283678513,436.61971830985914,239.43661971830986,0.5211267605633803,0.4782608695652174,0.5869565217391305,0.48936170212765956,0.5531914893617021,0.5510204081632653,0.43478260869565216,0.5294117647058824,0.5555555555555556,0.44600938967136144,0.5185496338529245,0.4820971867007673,0.5531914893617021,0.49497463738614844,Silver
P0245,56,0.35714285714285715,0.7142857142857143,0.16071428571428573,838.20676514333,392.85714285714283,267.85714285714283,0.5,0.5151515151515151,0.5135135135135135,0.5294117647058824,0.45,0.7105263157894737,0.5882352941176471,0.5945945945945946,0.45714285714285713,0.41071428571428575,0.553058113197432,0.5914149443561209,0.45,0.49456783199507665,Silver
P0212,63,0.5396825396825397,0.8095238095238095,0.07936507936507936,825.7911342989336,619.047619047619,238.09523809523807,0.4444444444444444,0.4,0.5777777777777777,0.4117647058823529,0.5813953488372093,0.5128205128205128,0.5609756097560976,0.4791666666666667,0.4166666666666667,0.4761904761904762,0.4353129713423831,0.5200711382113822,0.5813953488372093,0.4945618817665379,Silver
P0230,76,0.6710526315789473,0.7631578947368421,0.13157894736842105,850.7795597208888,407.89473684210526,223.68421052631578,0.6052631578947368,0.5471698113207547,0.4222222222222222,0.38,0.5208333333333334,0.5098039215686274,0.3584905660377358,0.55,0.4528301886792453,0.5219298245614035,0.4724509803921568,0.4542452830188679,0.5208333333333334,0.49431954163989333,Silver
P0097,63,0.5079365079365079,0.7619047619047619,0.23809523809523808,854.5024703992185,619.047619047619,206.34920634920633,0.4126984126984127,0.4782608695652174,0.5208333333333334,0.4418604651162791,0.475,0.4594594594594595,0.4634146341463415,0.5454545454545454,0.5853658536585366,0.5026455026455027,0.49123666194987314,0.5044345898004434,0.475,0.494279744152614,Silver
P0079,56,0.5357142857142857,0.7321428571428571,0.16071428571428573,842.9021096981825,357.14285714285717,214.28571428571428,0.5892857142857143,0.5142857142857142,0.4864864864864865,0.3684210526315789,0.5757575757575758,0.3939393939393939,0.35135135135135137,0.7222222222222222,0.4186046511627907,0.4761904761904762,0.42381270300486945,0.5367867867867868,0.5757575757575758,0.49355738173118835,Silver
P0160,71,0.4788732394366197,0.7323943661971831,0.15492957746478872,840.5031165913432,380.28169014084506,225.35211267605635,0.43661971830985913,0.48,0.52,0.5813953488372093,0.5952380952380952,0.5106382978723404,0.4888888888888889,0.48936170212765956,0.2978723404255319,0.4553990610328638,0.4674764967837704,0.4891252955082742,0.5952380952380952,0.4934937967792461,Silver
P0098,53,0.49056603773584906,0.6981132075471698,0.18867924528301888,869.6882670760726,566.0377358490566,207.54716981132077,0.39622641509433965,0.6,0.5666666666666667,0.45,0.41935483870967744,0.5517241379310345,0.725,0.46875,0.4444444444444444,0.45911949685534587,0.5115421455938698,0.596875,0.41935483870967744,0.4933960075019297,Silver
P0060,56,0.5,0.7142857142857143,0.17857142857142858,862.4985992783093,428.57142857142856,250.0,0.5357142857142857,0.5714285714285714,0.5,0.5675675675675675,0.5833333333333334,0.45161290322580644,0.5384615384615384,0.3684210526315789,0.3684210526315789,0.46428571428571436,0.4897575237133811,0.45344129554655865,0.5833333333333334,0.4930584609871537,Silver
P0247,67,0.5522388059701493,0.6865671641791045,0.16417910447761194,837.5884768677226,552.2388059701493,238.80597014925374,0.5074626865671642,0.5918367346938775,0.475,0.48717948717948717,0.4772727272727273,0.5106382978723404,0.5348837209302325,0.54,0.4146341463414634,0.4676616915422886,0.5010721665217921,0.5374418604651163,0.4772727272727273,0.49289486546720285,Silver
P0100,52,0.5192307692307693,0.6923076923076923,0.15384615384615385,827.5437701734089,384.61538461538464,269.2307692307692,0.4230769230769231,0.6,0.53125,0.5555555555555556,0.5428571428571428,0.6875,0.375,0.4411764705882353,0.4,0.4551282051282051,0.5607638888888888,0.40808823529411764,0.5428571428571428,0.49284399016016667,Silver
P0191,67,0.5373134328358209,0.8059701492537313,0.2835820895522388,842.7601797368978,373.13432835820896,253.7313432835821,0.5074626865671642,0.391304347826087,0.5128205128205128,0.45,0.4166666666666667,0.5918367346938775,0.4883720930232558,0.42,0.6363636363636364,0.5422885572139303,0.5173761797209002,0.45418604651162786,0.4166666666666667,0.4925682112659687,Silver
P0132,61,0.5573770491803278,0.7377049180327869,0.18032786885245902,849.1438969913822,360.65573770491807,213.11475409836063,0.5409836065573771,0.5384615384615384,0.5263157894736842,0.46808510638297873,0.4878048780487805,0.45652173913043476,0.5365853658536586,0.5238095238095238,0.41304347826086957,0.4918032786885245,0.4690279655589554,0.5301974448315911,0.4878048780487805,0.4923053441129097,Silver
P0096,62,0.5,0.7741935483870968,0.1935483870967742,858.9468587517646,516.1290322580645,161.29032258064515,0.5483870967741935,0.325,0.4318181818181818,0.5116279069767442,0.4634146341463415,0.5454545454545454,0.5476190476190477,0.5476190476190477,0.525,0.489247311827957,0.4767706131078224,0.5476190476190477,0.4634146341463415,0.49226164780821435,Silver
P0117,59,0.4576271186440678,0.7457627118644068,0.2033898305084746,844.0965946527491,440.6779661016949,135.59322033898306,0.4915254237288136,0.625,0.6470588235294118,0.5952380952380952,0.4411764705882353,0.38095238095238093,0.4883720930232558,0.5588235294117647,0.525,0.46892655367231634,0.531547619047619,0.5235978112175103,0.4411764705882353,0.4918446868696237,Silver
P0235,64,0.671875,0.703125,0.125,861.8655103269266,515.625,234.375,0.453125,0.46153846153846156,0.5,0.5365853658536586,0.5476190476190477,0.5238095238095238,0.42857142857142855,0.40476190476190477,0.45454545454545453,0.5,0.49411970143677464,0.41666666666666663,0.5476190476190477,0.49121065925943974,Silver
P0105,51,0.5490196078431373,0.7450980392156863,0.3333333333333333,825.5441629287237,137.25490196078434,176.47058823529412,0.47058823529411764,0.5263157894736842,0.36666666666666664,0.425,0.4827586206896552,0.48484848484848486,0.5714285714285714,0.35294117647058826,0.4,0.5424836601307189,0.4590410685805423,0.46218487394957986,0.4827586206896552,0.4911149693722289,Silver
P0237,71,0.6056338028169014,0.6901408450704225,0.22535211267605634,872.9100564216554,253.52112676056336,239.43661971830986,0.4788732394366197,0.4878048780487805,0.3902439024390244,0.5102040816326531,0.5555555555555556,0.5,0.4222222222222222,0.3877551020408163,0.45454545454545453,0.5070422535211268,0.488138603556722,0.4049886621315193,0.5555555555555556,0.49104117366005773,Silver
P0016,51,0.5294117647058824,0.7843137254901961,0.1568627450980392,829.9541283000907,509.8039215686274,176.47058823529412,0.5490196078431373,0.39473684210526316,0.3783783783783784,0.358974358974359,0.4857142857142857,0.6571428571428571,0.4838709677419355,0.4857142857142857,0.5897435897435898,0.4901960784313726,0.5001494119915173,0.48479262672811063,0.4857142857142857,0.4910059629441434,Silver
P0166,58,0.6379310344827587,0.6724137931034483,0.1724137931034483,853.2735645649999,293.10344827586204,275.8620689655172,0.39655172413793105,0.6578947368421053,0.46511627906976744,0.5,0.48717948717948717,0.28205128205128205,0.4634146341463415,0.45,0.6060606060606061,0.4942528735632184,0.5115016562384983,0.45670731707317075,0.48717948717948717,0.49015874413754107,Silver
P0180,53,0.5094339622641509,0.7358490566037735,0.1509433962264151,856.8232341492735,320.75471698113205,169.81132075471697,0.4528301886792453,0.3125,0.45454545454545453,0.55,0.5862068965517241,0.5263157894736842,0.5757575757575758,0.4146341463414634,0.3888888888888889,0.4654088050314465,0.4444261695906433,0.4951958610495196,0.5862068965517241,0.48965069661569177,Silver
P0032,55,0.45454545454545453,0.7272727272727273,0.16363636363636364,845.2599726950726,381.8181818181818,236.36363636363635,0.509090909090909,0.45454545454545453,0.5,0.4411764705882353,0.65625,0.43243243243243246,0.42424242424242425,0.4444444444444444,0.5,0.4484848484848485,0.4570385893915306,0.43434343434343436,0.65625,0.489604643413467,Silver
P0134,57,0.5263157894736842,0.8070175438596491,0.14035087719298245,860.8887616843135,368.4210526315789,140.35087719298244,0.5964912280701754,0.5135135135135135,0.48484848484848486,0.475,0.5238095238095238,0.5277777777777778,0.4782608695652174,0.4772727272727273,0.36585365853658536,0.49122807017543857,0.47053623745696915,0.47776679841897235,0.5238095238095238,0.489258393389791,Silver
P0200,58,0.5862068965517241,0.7758620689655172,0.20689655172413793,857.0153110830429,620.6896551724138,137.9310344827586,0.5344827586206896,0.375,0.5116279069767442,0.4358974358974359,0.4883720930232558,0.6666666666666666,0.3023255813953488,0.5833333333333334,0.45,0.5229885057471264,0.48189102564102565,0.4428294573643411,0.4883720930232558,0.48852611909608695,Silver
P0196,55,0.5636363636363636,0.7090909090909091,0.12727272727272726,860.7180365688491,381.8181818181818,254.54545454545453,0.5272727272727272,0.42857142857142855,0.5675675675675675,0.46153846153846156,0.4878048780487805,0.5238095238095238,0.5428571428571428,0.5333333333333333,0.5,0.4666666666666666,0.47847985347985345,0.5380952380952381,0.4878048780487805,0.48848771553649595,Silver
P0067,41,0.5609756097560976,0.7560975609756098,0.07317073170731707,835.0402650073229,341.4634146341464,73.17073170731707,0.5121951219512195,0.3870967741935484,0.4782608695652174,0.42424242424242425,0.625,0.44,0.4444444444444444,0.4444444444444444,0.5517241379310345,0.4634146341463415,0.45076583409175175,0.4444444444444444,0.625,0.4883960053614087,Silver
P0076,74,0.5,0.7432432432432432,0.17567567567567569,841.4521143503956,445.94594594594594,256.7567567567567,0.5540540540540541,0.46511627906976744,0.5869565217391305,0.5652173913043478,0.5185185185185185,0.45454545454545453,0.5,0.5,0.40425531914893614,0.47297297297297297,0.4722836110171265,0.5,0.5185185185185185,0.48729446613985045,Silver
P0240,51,0.6078431372549019,0.7843137254901961,0.11764705882352941,833.7733737007596,392.156862745098,156.86274509803923,0.5098039215686274,0.45714285714285713,0.6176470588235294,0.5142857142857142,0.42424242424242425,0.53125,0.3870967741935484,0.6333333333333333,0.4857142857142857,0.5032679738562091,0.49709821428571427,0.5102150537634409,0.42424242424242425,0.48712474723515997,Bronze
P0167,72,0.5555555555555556,0.8055555555555556,0.20833333333333334,853.7734383366455,388.8888888888889,236.11111111111111,0.5694444444444444,0.5,0.36363636363636365,0.5681818181818182,0.4444444444444444,0.5306122448979592,0.45454545454545453,0.42592592592592593,0.44,0.5231481481481481,0.5096985157699444,0.4402356902356902,0.4444444444444444,0.4870590187590188,Bronze
P0072,56,0.5357142857142857,0.7142857142857143,0.125,852.5040951376667,357.14285714285717,160.71428571428572,0.39285714285714285,0.55,0.5526315789473685,0.4444444444444444,0.5405405405405406,0.4375,0.425,0.5142857142857142,0.5405405405405406,0.4583333333333333,0.49312124624624626,0.46964285714285714,0.5405405405405406,0.4867772951522952,Bronze
P0224,61,0.639344262295082,0.6557377049180327,0.09836065573770492,865.1462967004109,426.22950819672127,311.4754098360656,0.4262295081967213,0.5,0.5428571428571428,0.47619047619047616,0.46153846153846156,0.47368421052631576,0.5428571428571428,0.5581395348837209,0.4857142857142857,0.4644808743169399,0.48389724310776944,0.5504983388704319,0.46153846153846156,0.48653246793337496,Bronze
P0179,66,0.5606060606060606,0.6818181818181818,0.16666666666666666,852.9148288302865,348.4848484848485,151.51515151515153,0.5454545454545454,0.6046511627906976,0.5217391304347826,0.4,0.4634146341463415,0.46808510638297873,0.4883720930232558,0.6086956521739131,0.4375,0.46969696969696967,0.4775590672934191,0.5485338725985844,0.4634146341463415,0.4864092704941729,Bronze
P0242,59,0.5084745762711864,0.7627118644067796,0.2542372881355932,855.8386075346679,355.9322033898305,237.28813559322035,0.3728813559322034,0.4,0.4666666666666667,0.42105263157894735,0.4473684210526316,0.45714285714285713,0.45454545454545453,0.5,0.7027027027027027,0.5084745762711864,0.4952245478561268,0.4772727272727273,0.4473684210526316,0.4863029674715669,Bronze
P0141,53,0.49056603773584906,0.660377358490566,0.16981132075471697,842.7814294697732,415.09433962264154,188.67924528301887,0.49056603773584906,0.47058823529411764,0.45161290322580644,0.5428571428571428,0.6111111111111112,0.5142857142857142,0.5,0.38095238095238093,0.4,0.440251572327044,0.48193277310924365,0.44047619047619047,0.6111111111111112,0.48613913993270264,Bronze
P0209,50,0.48,0.7,0.18,860.1398507179183,480.0,160.0,0.46,0.6896551724137931,0.6428571428571429,0.3939393939393939,0.5,0.5,0.39473684210526316,0.4864864864864865,0.6,0.4533333333333333,0.5458986415882968,0.44061166429587484,0.5,0.48604061917056474,Bronze
P0221,70,0.5285714285714286,0.6857142857142857,0.17142857142857143,837.2743590590982,314.2857142857143,171.42857142857142,0.44285714285714284,0.6086956521739131,0.4375,0.4418604651162791,0.5,0.5813953488372093,0.4318181818181818,0.5,0.44,0.461904761904762,0.5179878665318504,0.46590909090909094,0.5,0.4860279446202602,Bronze
P0088,64,0.5625,0.75,0.21875,827.2689034913221,421.875,187.5,0.515625,0.5384615384615384,0.5263157894736842,0.5227272727272727,0.38095238095238093,0.6938775510204082,0.3333333333333333,0.5897435897435898,0.44680851063829785,0.5104166666666666,0.5504687182118793,0.46153846153846156,0.38095238095238093,0.48596274293082803,Bronze
P0142,52,0.5576923076923077,0.7115384615384616,0.07692307692307693,850.260914397491,326.9230769230769,173.07692307692307,0.5769230769230769,0.6111111111111112,0.5,0.5405405405405406,0.4838709677419355,0.36363636363636365,0.48717948717948717,0.5862068965517241,0.45,0.4487179487179487,0.4913220038220038,0.5366931918656056,0.4838709677419355,0.4852727365814129,Bronze
P0154,57,0.49122807017543857,0.7017543859649122,0.19298245614035087,855.2662768308821,543.859649122807,385.96491228070175,0.5614035087719298,0.38095238095238093,0.6842105263157895,0.5,0.475,0.4722222222222222,0.5789473684210527,0.5675675675675675,0.46511627906976744,0.4619883040935672,0.45457272056109266,0.5732574679943101,0.475,0.48476811266590947,Bronze
P0064,69,0.5217391304347826,0.6231884057971014,0.14492753623188406,855.926524045603,434.7826086956522,260.8695652173913,0.5652173913043478,0.5576923076923077,0.48936170212765956,0.47619047619047616,0.5476190476190477,0.4222222222222222,0.5555555555555556,0.5106382978723404,0.40425531914893614,0.429951690821256,0.46509008131348556,0.533096926713948,0.5476190476190477,0.48395295869717697,Bronze
P0226,53,0.5094339622641509,0.7358490566037735,0.1320754716981132,852.4529861466466,509.4339622641509,188.67924528301887,0.41509433962264153,0.48484848484848486,0.625,0.48484848484848486,0.525,0.5,0.36363636363636365,0.5365853658536586,0.5588235294117647,0.45911949685534587,0.5071301247771836,0.4501108647450111,0.525,0.48393684688032435,Bronze
P0143,67,0.47761194029850745,0.7014925373134329,0.208955223880597,859.4754133991134,447.76119402985074,208.955223880597,0.43283582089552236,0.5714285714285714,0.38636363636363635,0.5531914893617021,0.4318181818181818,0.5102040816326531,0.44680851063829785,0.5,0.5714285714285714,0.4626865671641791,0.5515631784628745,0.4734042553191489,0.4318181818181818,0.4835418788896083,Bronze
P0091,42,0.5,0.7857142857142857,0.19047619047619047,829.0426188723412,476.19047619047615,119.04761904761904,0.5714285714285714,0.3870967741935484,0.4,0.43478260869565216,0.5333333333333333,0.47619047619047616,0.5517241379310345,0.4482758620689655,0.4074074074074074,0.49206349206349204,0.426369316621771,0.5,0.5333333333333333,0.4835103927810801,Bronze
P0139,72,0.4166666666666667,0.75,0.1527777777777778,841.1293318979942,180.55555555555554,125.0,0.5,0.47058823529411764,0.6086956521739131,0.52,0.5490196078431373,0.5909090909090909,0.4358974358974359,0.43636363636363634,0.5,0.4398148148148149,0.5203743315508021,0.4361305361305361,0.5490196078431373,0.48347558236970006,Bronze
P0033,55,0.5636363636363636,0.6909090909090909,0.12727272727272726,858.4549988560717,345.45454545454544,290.9090909090909,0.4727272727272727,0.5526315789473685,0.5405405405405406,0.5526315789473685,0.4117647058823529,0.59375,0.5882352941176471,0.3548387096774194,0.5777777777777777,0.4606060606060605,0.5691977339181287,0.4715370018975332,0.4117647058823529,0.4834296464469926,Bronze
P0087,67,0.5671641791044776,0.7164179104477612,0.1791044776119403,822.4001809874478,507.4626865671642,223.88059701492537,0.5970149253731343,0.5454545454545454,0.5416666666666666,0.5555555555555556,0.5319148936170213,0.43902439024390244,0.4883720930232558,0.32558139534883723,0.4489795918367347,0.48756218905472637,0.49725352077268453,0.4069767441860465,0.5319148936170213,0.48302921387447767,Bronze
P0077,54,0.5,0.6851851851851852,0.12962962962962962,840.9457609399399,277.77777777777777,203.7037037037037,0.5,0.5128205128205128,0.4166666666666667,0.4411764705882353,0.5757575757575758,0.46875,0.5263157894736842,0.35135135135135137,0.5675675675675675,0.43827160493827155,0.4975786377440789,0.4388335704125178,0.5757575757575758,0.4824871613826078,Bronze
P0002,64,0.4375,0.75,0.140625,836.464357306224,359.375,218.75,0.40625,0.5,0.4489795918367347,0.43243243243243246,0.4722222222222222,0.5,0.5238095238095238,0.5454545454545454,0.55,0.4427083333333333,0.4956081081081081,0.5346320346320346,0.4722222222222222,0.4818077883077883,Bronze
P0204,65,0.5076923076923077,0.7384615384615385,0.16923076923076924,861.6847510493917,538.4615384615385,200.0,0.46153846153846156,0.42857142857142855,0.46511627906976744,0.5,0.45454545454545453,0.41025641025641024,0.5526315789473685,0.6,0.43478260869565216,0.47179487179487184,0.44340261188087277,0.5763157894736842,0.45454545454545453,0.48129933910483114,Bronze
P0043,65,0.4307692307692308,0.7846153846153846,0.15384615384615385,844.1306111129508,446.1538461538462,200.0,0.47692307692307695,0.5,0.5581395348837209,0.5365853658536586,0.475,0.4583333333333333,0.4782608695652174,0.6046511627906976,0.38636363636363635,0.4564102564102564,0.4703205838876571,0.5414560161779576,0.475,0.4810322487754175,Bronze
P0119,62,0.532258064516129,0.7741935483870968,0.16129032258064516,840.4745989868504,451.61290322580646,161.29032258064515,0.45161290322580644,0.5,0.5116279069767442,0.4722222222222222,0.4634146341463415,0.4375,0.3333333333333333,0.575,0.6,0.489247311827957,0.5024305555555556,0.4541666666666666,0.4634146341463415,0.48075595550310346,Bronze
P0027,59,0.5084745762711864,0.7796610169491526,0.1694915254237288,859.5597091338685,474.5762711864407,203.3898305084746,0.4915254237288136,0.5945945945945946,0.6086956521739131,0.47368421052631576,0.41935483870967744,0.525,0.42857142857142855,0.5135135135135135,0.5,0.4858757062146893,0.5233197012802276,0.471042471042471,0.41935483870967744,0.480089204297594,Bronze
P0113,63,0.5555555555555556,0.6984126984126984,0.14285714285714285,848.9548209354806,412.69841269841265,174.60317460317458,0.49206349206349204,0.6842105263157895,0.46153846153846156,0.5675675675675675,0.45454545454545453,0.42857142857142855,0.43243243243243246,0.43243243243243246,0.5111111111111111,0.4656084656084656,0.5478651583914742,0.43243243243243246,0.45454545454545453,0.47979253073989925,Bronze
P0095,68,0.5147058823529411,0.7205882352941176,0.16176470588235295,853.3053925436105,441.1764705882353,176.47058823529412,0.5,0.24489795918367346,0.4772727272727273,0.4523809523809524,0.5416666666666666,0.5,0.5111111111111111,0.5319148936170213,0.4888888888888889,0.465686274509804,0.4215419501133787,0.5215130023640662,0.5416666666666666,0.4796872876810299,Bronze
P0250,70,0.5285714285714286,0.7857142857142857,0.24285714285714285,867.7374964119944,342.85714285714283,157.14285714285714,0.6142857142857143,0.4807692307692308,0.41304347826086957,0.5714285714285714,0.4222222222222222,0.35714285714285715,0.475,0.5454545454545454,0.40425531914893614,0.5190476190476191,0.4533989946223989,0.5102272727272728,0.4222222222222222,0.4795368555794088,Bronze
P0131,52,0.6153846153846154,0.7307692307692307,0.19230769230769232,863.6684131436281,442.30769230769226,250.0,0.46153846153846156,0.5454545454545454,0.2727272727272727,0.45714285714285713,0.39285714285714285,0.6333333333333333,0.38095238095238093,0.59375,0.3548387096774194,0.5128205128205129,0.49769236140203876,0.48735119047619047,0.39285714285714285,0.47949809196180165,Bronze
P0172,51,0.49019607843137253,0.803921568627451,0.13725490196078433,842.6658166065102,450.98039215686276,156.86274509803923,0.43137254901960786,0.5142857142857142,0.5172413793103449,0.35294117647058826,0.45714285714285713,0.5,0.6060606060606061,0.4666666666666667,0.45714285714285713,0.477124183006536,0.4560924369747899,0.5363636363636364,0.45714285714285713,0.47908691961633143,Bronze
P0144,54,0.5370370370370371,0.7407407407407407,0.14814814814814814,847.9649699707389,500.0,129.62962962962962,0.35185185185185186,0.55,0.5151515151515151,0.5128205128205128,0.5476190476190477,0.5555555555555556,0.375,0.36585365853658536,0.42857142857142855,0.4753086419753086,0.5117368742368742,0.3704268292682927,0.5476190476190477,0.4789942655958916,Bronze
P0073,54,0.4074074074074074,0.7407407407407407,0.2037037037037037,835.719411430609,351.85185185185185,222.2222222222222,0.48148148148148145,0.5581395348837209,0.4883720930232558,0.4230769230769231,0.45161290322580644,0.4166666666666667,0.5,0.5641025641025641,0.5714285714285714,0.4506172839506173,0.4923279240139705,0.532051282051282,0.45161290322580644,0.478782186643527,Bronze
P0011,56,0.5178571428571429,0.7142857142857143,0.16071428571428573,852.3508335597987,375.0,267.85714285714283,0.6071428571428571,0.5806451612903226,0.40625,0.4883720930232558,0.5609756097560976,0.5625,0.32432432432432434,0.40540540540540543,0.42857142857142855,0.46428571428571436,0.5150221707212517,0.3648648648648649,0.5609756097560976,0.47794573129757156,Bronze
P0086,70,0.5714285714285714,0.7714285714285715,0.15714285714285714,839.1174949260477,271.4285714285714,171.42857142857142,0.4857142857142857,0.5,0.4782608695652174,0.34782608695652173,0.4489795918367347,0.5581395348837209,0.43902439024390244,0.5185185185185185,0.4772727272727273,0.5,0.47080958727824246,0.4787714543812105,0.4489795918367347,0.477376893681497,Bronze
P0227,56,0.42857142857142855,0.6785714285714286,0.17857142857142858,861.321480120932,392.85714285714283,196.42857142857142,0.5535714285714286,0.5588235294117647,0.32432432432432434,0.5833333333333334,0.425,0.4594594594594595,0.5428571428571428,0.5,0.5526315789473685,0.4285714285714286,0.5385619752879814,0.5214285714285714,0.425,0.47722592450920626,Bronze
P0137,62,0.4838709677419355,0.7580645161290323,0.22580645161290322,833.0316328332748,338.7096774193548,338.7096774193548,0.3709677419354839,0.4878048780487805,0.4166666666666667,0.5777777777777777,0.3829787234042553,0.5555555555555556,0.55,0.3939393939393939,0.5121951219512195,0.489247311827957,0.5333333333333333,0.471969696969697,0.3829787234042553,0.4768821571930701,Bronze
P0249,67,0.6417910447761194,0.7611940298507462,0.208955223880597,856.1157137254578,298.5074626865671,179.1044776119403,0.47761194029850745,0.4523809523809524,0.5416666666666666,0.5348837209302325,0.4222222222222222,0.4666666666666667,0.37209302325581395,0.45652173913043476,0.5111111111111111,0.5373134328358209,0.49126061277224065,0.4143073811931244,0.4222222222222222,0.4767991907667594,Bronze
P0169,61,0.4918032786885246,0.7213114754098361,0.18032786885245902,850.4244566974589,377.04918032786884,32.786885245901644,0.4426229508196721,0.4883720930232558,0.5384615384615384,0.47619047619047616,0.4523809523809524,0.5405405405405406,0.6136363636363636,0.358974358974359,0.5,0.4644808743169399,0.5012757774385681,0.4863053613053613,0.4523809523809524,0.4767283602014826,Bronze
P0035,47,0.5106382978723404,0.723404255319149,0.19148936170212766,858.6886402923551,425.531914893617,191.48936170212767,0.40425531914893614,0.6451612903225806,0.5,0.5,0.3333333333333333,0.5555555555555556,0.5428571428571428,0.5142857142857142,0.4444444444444444,0.47517730496453897,0.5362903225806451,0.5285714285714285,0.3333333333333333,0.4745989802921855,Bronze
P0114,50,0.52,0.74,0.26,850.916823956593,380.0,180.0,0.46,0.6071428571428571,0.5,0.40625,0.4358974358974359,0.4857142857142857,0.37142857142857144,0.4482758620689655,0.5454545454545454,0.5066666666666667,0.5111404220779221,0.4098522167487685,0.4358974358974359,0.47440258204439245,Bronze
P0238,63,0.4603174603174603,0.7142857142857143,0.14285714285714285,855.2925694047539,333.3333333333333,126.98412698412697,0.5396825396825397,0.475,0.4444444444444444,0.375,0.47619047619047616,0.5111111111111111,0.5121951219512195,0.5365853658536586,0.5476190476190477,0.43915343915343913,0.4771825396825397,0.524390243902439,0.47619047619047616,0.47425635565879465,Bronze
P0239,53,0.3018867924528302,0.6981132075471698,0.1320754716981132,857.391404135486,396.22641509433964,94.33962264150944,0.5660377358490566,0.5,0.3684210526315789,0.5,0.5757575757575758,0.46875,0.5,0.4888888888888889,0.5185185185185185,0.3773584905660377,0.49681712962962965,0.49444444444444446,0.5757575757575758,0.4739039173178325,Bronze
P0030,68,0.4852941176470588,0.7205882352941176,0.11764705882352941,862.0767959937959,352.94117647058823,205.88235294117646,0.45588235294117646,0.5,0.4772727272727273,0.3902439024390244,0.3695652173913043,0.6041666666666666,0.6326530612244898,0.5294117647058824,0.5238095238095238,0.4411764705882353,0.5045550232288037,0.581032412965186,0.3695652173913043,0.47257140316359847,Bronze
P0080,60,0.5166666666666667,0.6833333333333333,0.18333333333333332,873.7224375642795,466.6666666666667,350.0,0.5,0.47058823529411764,0.3333333333333333,0.5454545454545454,0.4,0.627906976744186,0.5238095238095238,0.3191489361702128,0.6428571428571429,0.4611111111111112,0.5717017250874981,0.4214792299898683,0.4,0.47192788457802876,Bronze
P0109,74,0.4864864864864865,0.6351351351351351,0.2702702702702703,851.6487097415244,445.94594594594594,175.67567567567568,0.4864864864864865,0.37142857142857144,0.5490196078431373,0.56,0.46938775510204084,0.43636363636363634,0.4146341463414634,0.4782608695652174,0.6363636363636364,0.4639639639639639,0.5010389610389611,0.44644750795334043,0.46938775510204084,0.47192643017045377,Bronze
P0125,63,0.5079365079365079,0.7142857142857143,0.14285714285714285,856.8837439459903,444.4444444444444,190.47619047619045,0.5079365079365079,0.4666666666666667,0.5384615384615384,0.46511627906976744,0.5135135135135135,0.4634146341463415,0.45652173913043476,0.4418604651162791,0.5116279069767442,0.45502645502645506,0.47670637171487995,0.4491911021233569,0.5135135135135135,0.47162717281600613,Bronze
P0201,58,0.5862068965517241,0.7931034482758621,0.1724137931034483,868.9791766641162,396.55172413793105,155.17241379310346,0.5344827586206896,0.5555555555555556,0.475,0.42105263157894735,0.39473684210526316,0.48717948717948717,0.45714285714285713,0.4444444444444444,0.4888888888888889,0.5172413793103449,0.48816914080071977,0.45079365079365075,0.39473684210526316,0.47131069938329473,Bronze
P0133,57,0.5087719298245614,0.7719298245614035,0.12280701754385964,844.2603075251138,438.59649122807014,333.3333333333333,0.5614035087719298,0.55,0.4722222222222222,0.45454545454545453,0.42424242424242425,0.4473684210526316,0.5121951219512195,0.4888888888888889,0.5,0.4678362573099415,0.48797846889952157,0.5005420054200542,0.42424242424242425,0.47129845956354305,Bronze
P0121,65,0.49230769230769234,0.676923076923077,0.23076923076923078,851.4080641345279,338.46153846153845,200.0,0.5076923076923077,0.43902439024390244,0.43902439024390244,0.4318181818181818,0.4186046511627907,0.5111111111111111,0.6046511627906976,0.5476190476190477,0.375,0.46666666666666673,0.43923842079329883,0.5761351052048727,0.4186046511627907,0.47126804242898973,Bronze
P0104,56,0.6071428571428571,0.7142857142857143,0.125,855.867160051235,303.57142857142856,125.0,0.4107142857142857,0.3888888888888889,0.4117647058823529,0.5882352941176471,0.48484848484848486,0.4444444444444444,0.47058823529411764,0.46153846153846156,0.3870967741935484,0.48214285714285715,0.4521663504111322,0.4660633484162896,0.48484848484848486,0.47107465905378626,Bronze
P0185,46,0.5652173913043478,0.782608695652174,0.2391304347826087,853.4517775581791,543.4782608695651,195.6521739130435,0.5652173913043478,0.56,0.5294117647058824,0.5,0.45161290322580644,0.42857142857142855,0.4444444444444444,0.3,0.46153846153846156,0.5289855072463768,0.4875274725274725,0.37222222222222223,0.45161290322580644,0.4705500797161386,Bronze
P0210,56,0.4642857142857143,0.7142857142857143,0.25,838.2561869945669,410.7142857142857,285.7142857142857,0.5714285714285714,0.5263157894736842,0.5625,0.3888888888888889,0.5151515151515151,0.36363636363636365,0.4318181818181818,0.46153846153846156,0.5,0.4761904761904762,0.44471026049973417,0.44667832167832167,0.5151515151515151,0.4692657926868453,Bronze
P0184,69,0.5942028985507246,0.6956521739130435,0.21739130434782608,848.0748176318225,318.8405797101449,130.43478260869566,0.5217391304347826,0.4489795918367347,0.28888888888888886,0.45652173913043476,0.4230769230769231,0.38095238095238093,0.425531914893617,0.5227272727272727,0.5555555555555556,0.5024154589371981,0.46050231686877646,0.47412959381044484,0.4230769230769231,0.46915489896063434,Bronze
P0216,42,0.5238095238095238,0.7619047619047619,0.19047619047619047,821.6451253767393,309.5238095238095,166.66666666666666,0.5952380952380952,0.39285714285714285,0.3793103448275862,0.4482758620689655,0.5357142857142857,0.4642857142857143,0.5,0.32,0.4444444444444444,0.49206349206349204,0.43746579091406673,0.41000000000000003,0.5357142857142857,0.4690935960591133,Bronze
P0213,57,0.5614035087719298,0.7368421052631579,0.12280701754385964,847.3244722810965,491.2280701754386,263.1578947368421,0.5789473684210527,0.5294117647058824,0.4838709677419355,0.2727272727272727,0.5128205128205128,0.48717948717948717,0.47619047619047616,0.5121951219512195,0.358974358974359,0.47368421052631576,0.4120732208967503,0.49419279907084784,0.5128205128205128,0.4683621115977833,Bronze
P0075,65,0.5230769230769231,0.7846153846153846,0.12307692307692308,827.2312702043685,369.2307692307692,215.3846153846154,0.5384615384615384,0.5,0.5,0.5227272727272727,0.5208333333333334,0.4,0.45454545454545453,0.38095238095238093,0.40476190476190477,0.47692307692307695,0.4568722943722944,0.41774891774891776,0.5208333333333334,0.4682560772560773,Bronze
P0058,55,0.43636363636363634,0.6727272727272727,0.16363636363636364,850.8074088247105,436.3636363636363,218.18181818181816,0.4,0.5862068965517241,0.4473684210526316,0.5142857142857142,0.5405405405405406,0.42857142857142855,0.4838709677419355,0.45454545454545453,0.3333333333333333,0.42424242424242425,0.4655993431855501,0.46920821114369504,0.5405405405405406,0.4680751421863769,Bronze
P0024,63,0.5079365079365079,0.746031746031746,0.2222222222222222,874.9138717067351,587.3015873015873,269.8412698412698,0.5396825396825397,0.425,0.4772727272727273,0.5853658536585366,0.3170731707317073,0.5476190476190477,0.40476190476190477,0.6041666666666666,0.5263157894736842,0.4920634920634921,0.5210751726878171,0.5044642857142857,0.3170731707317073,0.4676688571021049,Bronze
P0044,58,0.5,0.6896551724137931,0.27586206896551724,858.4405613850778,344.82758620689657,172.41379310344828,0.6551724137931034,0.41935483870967744,0.4117647058823529,0.38636363636363635,0.42105263157894735,0.375,0.48717948717948717,0.575,0.5384615384615384,0.48850574712643685,0.429795003383713,0.5310897435897436,0.42105263157894735,0.46709291506163764,Bronze
P0168,69,0.4782608695652174,0.6811594202898551,0.2028985507246377,873.7030698675328,420.28985507246375,173.91304347826087,0.5507246376811594,0.5102040816326531,0.4489795918367347,0.4782608695652174,0.4222222222222222,0.3333333333333333,0.46938775510204084,0.5675675675675675,0.5813953488372093,0.45410628019323673,0.4757984083421033,0.5184776613348042,0.4222222222222222,0.46667754070903,Bronze
P0082,66,0.48484848484848486,0.6666666666666666,0.13636363636363635,835.8336794099567,424.24242424242425,257.57575757575756,0.5606060606060606,0.5853658536585366,0.4666666666666667,0.4883720930232558,0.4186046511627907,0.65,0.5609756097560976,0.3888888888888889,0.4166666666666667,0.4292929292929292,0.5351011533371147,0.4749322493224932,0.4186046511627907,0.4659094404051863,Bronze
P0017,65,0.6,0.6615384615384615,0.18461538461538463,838.176318479916,569.2307692307692,307.69230769230774,0.4307692307692308,0.4444444444444444,0.5,0.35714285714285715,0.425,0.5227272727272727,0.5,0.5135135135135135,0.46153846153846156,0.48205128205128206,0.446463258963259,0.5067567567567568,0.425,0.46561747411747423,Bronze
P0007,58,0.6206896551724138,0.7931034482758621,0.1206896551724138,830.1451432269102,413.7931034482759,189.65517241379308,0.3620689655172414,0.5,0.4722222222222222,0.48484848484848486,0.3953488372093023,0.5217391304347826,0.45454545454545453,0.4,0.43902439024390244,0.5114942528735632,0.4864030013817925,0.42727272727272725,0.3953488372093023,0.4643953142028481,Bronze
P0102,63,0.4603174603174603,0.6825396825396826,0.19047619047619047,840.2233880731351,222.2222222222222,238.09523809523807,0.5396825396825397,0.5869565217391305,0.5365853658536586,0.358974358974359,0.5217391304347826,0.5263157894736842,0.40476190476190477,0.4222222222222222,0.45714285714285713,0.4444444444444444,0.48234738183250764,0.41349206349206347,0.5217391304347826,0.46432572792069365,Bronze
P0118,69,0.5942028985507246,0.6811594202898551,0.17391304347826086,852.2279277616498,405.7971014492754,217.3913043478261,0.5072463768115942,0.4489795918367347,0.54,0.4146341463414634,0.4666666666666667,0.38636363636363635,0.48,0.4888888888888889,0.45454545454545453,0.48309178743961345,0.42613070727182223,0.48444444444444446,0.4666666666666667,0.4641281922390088,Bronze
P0085,61,0.5081967213114754,0.7213114754098361,0.16393442622950818,849.7416825439549,377.04918032786884,196.72131147540983,0.45901639344262296,0.43478260869565216,0.4666666666666667,0.5652173913043478,0.4146341463414634,0.45652173913043476,0.5897435897435898,0.42857142857142855,0.41025641025641024,0.4644808743169399,0.4666945373467113,0.5091575091575091,0.4146341463414634,0.4640666813382945,Bronze
P0005,51,0.5294117647058824,0.6666666666666666,0.11764705882352941,869.407628893889,313.72549019607845,196.078431372549,0.5098039215686274,0.5483870967741935,0.7741935483870968,0.43243243243243246,0.45714285714285713,0.625,0.42424242424242425,0.5161290322580645,0.3548387096774194,0.43790849673202614,0.49016455972101136,0.4701857282502444,0.45714285714285713,0.46284251275475186,Bronze
P0183,55,0.5272727272727272,0.8,0.16363636363636364,860.6818124833104,363.6363636363636,181.8181818181818,0.4909090909090909,0.4473684210526316,0.6216216216216216,0.4634146341463415,0.5,0.3548387096774194,0.3939393939393939,0.34285714285714286,0.5909090909090909,0.4969696969696969,0.4641327139463708,0.3683982683982684,0.5,0.46266711661494053,Bronze
P0220,67,0.47761194029850745,0.7014925373134329,0.1791044776119403,832.6042519576565,283.5820895522388,253.7313432835821,0.6417910447761194,0.4634146341463415,0.4897959183673469,0.5813953488372093,0.44680851063829785,0.5555555555555556,0.36585365853658536,0.47368421052631576,0.46,0.45273631840796025,0.5150913846347767,0.4197689345314506,0.44680851063829785,0.4624166986222345,Bronze
P0010,59,0.4745762711864407,0.6949152542372882,0.1864406779661017,846.993676981635,372.8813559322034,118.64406779661017,0.559322033898305,0.5581395348837209,0.4634146341463415,0.3333333333333333,0.3953488372093023,0.4186046511627907,0.5348837209302325,0.5238095238095238,0.5853658536585366,0.4519774011299435,0.47386084325959543,0.5293466223698782,0.3953488372093023,0.46225289639010475,Bronze
P0149,50,0.28,0.74,0.08,835.5547575650459,500.0,180.0,0.44,0.53125,0.631578947368421,0.5428571428571428,0.42857142857142855,0.5675675675675675,0.5769230769230769,0.4864864864864865,0.5405405405405406,0.3666666666666667,0.5455538127413126,0.5317047817047817,0.42857142857142855,0.46214364295614296,Bronze
P0112,69,0.5507246376811594,0.7391304347826086,0.2028985507246377,870.3392980708592,507.24637681159425,217.3913043478261,0.4927536231884058,0.5416666666666666,0.46296296296296297,0.4666666666666667,0.36,0.5217391304347826,0.4473684210526316,0.40476190476190477,0.5490196078431373,0.4975845410628019,0.5197730179028133,0.42606516290726815,0.36,0.461976530734338,Bronze
P0056,71,0.5774647887323944,0.676056338028169,0.23943661971830985,854.6528171752216,436.61971830985914,267.6056338028169,0.6619718309859155,0.6666666666666666,0.5454545454545454,0.58,0.34146341463414637,0.5106382978723404,0.375,0.3469387755102041,0.56,0.49765258215962443,0.5793262411347517,0.360969387755102,0.34146341463414637,0.46194673428666,Bronze
P0214,47,0.5319148936170213,0.6595744680851063,0.19148936170212766,811.4149034268529,404.25531914893617,319.1489361702128,0.48936170212765956,0.5428571428571428,0.5,0.47058823529411764,0.47058823529411764,0.4838709677419355,0.27586206896551724,0.6,0.39285714285714285,0.4609929078014184,0.4725433721875847,0.4379310344827586,0.47058823529411764,0.4615337286643528,Bronze
P0022,62,0.6129032258064516,0.6935483870967742,0.1774193548387097,875.8700769397428,532.258064516129,225.80645161290323,0.5,0.625,0.5681818181818182,0.4634146341463415,0.4523809523809524,0.4,0.46808510638297873,0.37209302325581395,0.3409090909090909,0.49462365591397855,0.45733093126385804,0.42008906481939634,0.4523809523809524,0.46082623408642315,Bronze
P0231,70,0.5,0.6,0.08571428571428572,870.5559309103376,557.1428571428571,185.71428571428572,0.45714285714285713,0.45652173913043476,0.4090909090909091,0.4444444444444444,0.4222222222222222,0.4909090909090909,0.6086956521739131,0.45652173913043476,0.6521739130434783,0.3952380952380952,0.5110122968818621,0.532608695652174,0.4222222222222222,0.46052581717799107,Bronze
P0037,74,0.44594594594594594,0.6756756756756757,0.17567567567567569,868.1660943302112,472.97297297297297,310.8108108108108,0.4594594594594595,0.42592592592592593,0.6097560975609756,0.4888888888888889,0.42857142857142855,0.5106382978723404,0.5306122448979592,0.4915254237288136,0.48,0.4324324324324324,0.4763632781717888,0.5110688343133865,0.42857142857142855,0.4596881488434422,Bronze
P0156,55,0.509090909090909,0.8,0.14545454545454545,834.9507158604243,309.09090909090907,181.8181818181818,0.5272727272727272,0.40540540540540543,0.7741935483870968,0.5142857142857142,0.3125,0.5,0.5476190476190477,0.5277777777777778,0.4857142857142857,0.48484848484848486,0.47635135135135137,0.5376984126984128,0.3125,0.4585695760695761,Bronze
P0025,55,0.4,0.6909090909090909,0.21818181818181817,817.5990046672298,436.3636363636363,236.36363636363635,0.43636363636363634,0.5526315789473685,0.5833333333333334,0.45161290322580644,0.5,0.5641025641025641,0.3157894736842105,0.4864864864864865,0.4117647058823529,0.43636363636363634,0.49502793803952294,0.4011379800853485,0.5,0.4584717823044998,Bronze
P0207,64,0.546875,0.765625,0.1875,842.1064629829293,468.75,203.125,0.625,0.5,0.5365853658536586,0.45652173913043476,0.3404255319148936,0.4722222222222222,0.525,0.4523809523809524,0.46153846153846156,0.5,0.47257060572277965,0.48869047619047623,0.3404255319148936,0.45814297122345227,Bronze
P0023,60,0.5666666666666667,0.7333333333333333,0.18333333333333332,843.3477073299387,333.3333333333333,183.33333333333331,0.38333333333333336,0.4117647058823529,0.48717948717948717,0.38461538461538464,0.3409090909090909,0.5365853658536586,0.4857142857142857,0.5,0.5609756097560976,0.4944444444444444,0.47348526652687345,0.4928571428571429,0.3409090909090909,0.45755134360299354,Bronze
P0206,69,0.4782608695652174,0.6231884057971014,0.2028985507246377,852.788495932699,434.7826086956522,173.91304347826087,0.5072463768115942,0.425531914893617,0.6382978723404256,0.44680851063829785,0.38636363636363635,0.47619047619047616,0.5227272727272727,0.5471698113207547,0.5581395348837209,0.43478260869565216,0.47666760915152806,0.5349485420240137,0.38636363636363635,0.4568598010225665,Bronze
P0004,51,0.5882352941176471,0.7450980392156863,0.17647058823529413,848.9565243342319,529.4117647058823,235.2941176470588,0.4117647058823529,0.4411764705882353,0.5862068965517241,0.4166666666666667,0.36363636363636365,0.5454545454545454,0.4375,0.5483870967741935,0.36363636363636365,0.5032679738562092,0.4417335115864528,0.49294354838709675,0.36363636363636365,0.4560471172828858,Bronze
P0006,60,0.5,0.65,0.08333333333333333,851.0660212032342,333.3333333333333,250.0,0.5,0.45652173913043476,0.5476190476190477,0.46153846153846156,0.3953488372093023,0.42857142857142855,0.6486486486486487,0.5476190476190477,0.45,0.41111111111111104,0.4491579073100812,0.5981338481338482,0.3953488372093023,0.4560163066710084,Bronze
P0164,51,0.5882352941176471,0.7058823529411765,0.23529411764705882,833.2036911509656,352.94117647058823,156.86274509803923,0.45098039215686275,0.45454545454545453,0.6129032258064516,0.3548387096774194,0.45,0.625,0.3793103448275862,0.2727272727272727,0.5,0.5098039215686275,0.48359604105571846,0.32601880877742945,0.45,0.45374790815304794,Bronze
P0192,64,0.484375,0.65625,0.109375,829.267791190068,437.5,234.375,0.46875,0.5,0.6388888888888888,0.4782608695652174,0.39473684210526316,0.3783783783783784,0.4666666666666667,0.5510204081632653,0.6363636363636364,0.4166666666666667,0.498250721076808,0.508843537414966,0.39473684210526316,0.4535596111388855,Bronze
P0045,47,0.40425531914893614,0.6808510638297872,0.1702127659574468,877.451513716886,361.7021276595745,63.82978723404255,0.574468085106383,0.4642857142857143,0.5806451612903226,0.3235294117647059,0.5,0.48484848484848486,0.4,0.4827586206896552,0.5666666666666667,0.41843971631205673,0.45983256939139294,0.4413793103448276,0.5,0.4509296907184137,Bronze
P0232,61,0.45901639344262296,0.7377049180327869,0.09836065573770492,865.8594249674871,409.8360655737705,180.32786885245903,0.5573770491803278,0.3953488372093023,0.5609756097560976,0.525,0.35294117647058826,0.4358974358974359,0.5454545454545454,0.65,0.3902439024390244,0.43169398907103823,0.4366225438864406,0.5977272727272727,0.35294117647058826,0.4505300786305078,Bronze
P0140,61,0.45901639344262296,0.5901639344262295,0.16393442622950818,864.4301863572924,327.86885245901635,213.11475409836063,0.4262295081967213,0.39473684210526316,0.6739130434782609,0.5,0.5294117647058824,0.5365853658536586,0.325,0.6052631578947368,0.3076923076923077,0.40437158469945356,0.4347536289128074,0.46513157894736845,0.5294117647058824,0.4500385919300614,Bronze
P0190,56,0.5714285714285714,0.5892857142857143,0.16071428571428573,842.8944280949019,375.0,250.0,0.44642857142857145,0.5428571428571428,0.6578947368421053,0.3888888888888889,0.43243243243243246,0.3611111111111111,0.48484848484848486,0.4418604651162791,0.5588235294117647,0.44047619047619047,0.4629201680672269,0.46335447498238197,0.43243243243243246,0.4497274094941674,Bronze
P0069,53,0.5094339622641509,0.7547169811320755,0.16981132075471697,852.9791779305071,452.8301886792453,169.81132075471697,0.4339622641509434,0.3611111111111111,0.5,0.5897435897435898,0.375,0.36363636363636365,0.4864864864864865,0.475,0.46875,0.47798742138364775,0.4458102661227661,0.48074324324324325,0.375,0.44893149800579046,Bronze
P0170,63,0.5238095238095238,0.7142857142857143,0.2698412698412698,849.7815628209911,523.8095238095239,206.34920634920633,0.5079365079365079,0.43243243243243246,0.44680851063829785,0.3333333333333333,0.3888888888888889,0.42105263157894735,0.5348837209302325,0.4418604651162791,0.3888888888888889,0.5026455026455027,0.3939268215584005,0.4883720930232558,0.3888888888888889,0.4465982672653419,Bronze
P0202,51,0.4117647058823529,0.7058823529411765,0.21568627450980393,853.6094056499024,450.98039215686276,137.25490196078434,0.43137254901960786,0.40540540540540543,0.4,0.41935483870967744,0.5294117647058824,0.52,0.36666666666666664,0.3125,0.4857142857142857,0.4444444444444445,0.45761863245734213,0.33958333333333335,0.5294117647058824,0.4441544589181212,Bronze
P0092,47,0.5319148936170213,0.7446808510638298,0.1276595744680851,821.3848104666553,489.36170212765956,191.48936170212767,0.5957446808510638,0.48484848484848486,0.34375,0.4722222222222222,0.4,0.375,0.5,0.3103448275862069,0.5555555555555556,0.46808510638297873,0.4719065656565657,0.4051724137931034,0.4,0.44295555518501234,Bronze
P0176,51,0.47058823529411764,0.7450980392156863,0.19607843137254902,816.9191613429394,411.7647058823529,215.68627450980392,0.5686274509803921,0.41379310344827586,0.5555555555555556,0.45454545454545453,0.4117647058823529,0.47058823529411764,0.45454545454545453,0.36363636363636365,0.4838709677419355,0.4705882352941177,0.4556994402574459,0.40909090909090906,0.4117647058823529,0.4423552015608549,Bronze
P0182,66,0.5151515151515151,0.7878787878787878,0.13636363636363635,850.3119215281796,454.5454545454545,257.57575757575756,0.4696969696969697,0.41304347826086957,0.4772727272727273,0.5121951219512195,0.46808510638297873,0.42857142857142855,0.3170731707317073,0.4523809523809524,0.32558139534883723,0.47979797979797983,0.4198478560330887,0.38472706155632985,0.46808510638297873,0.44165518681248017,Bronze
P0218,52,0.4807692307692308,0.6730769230769231,0.1346153846153846,845.5549795311077,480.7692307692308,192.30769230769232,0.5576923076923077,0.5625,0.40625,0.5588235294117647,0.3333333333333333,0.5,0.34285714285714286,0.5428571428571428,0.5,0.4294871794871795,0.5303308823529411,0.44285714285714284,0.3333333333333333,0.4411666397328162,Bronze
P0171,46,0.5,0.6521739130434783,0.1956521739130435,821.2405035120121,413.04347826086956,217.3913043478261,0.6086956521739131,0.4117647058823529,0.65625,0.45454545454545453,0.3793103448275862,0.4411764705882353,0.45161290322580644,0.5666666666666667,0.34285714285714286,0.4492753623188406,0.41258594346829636,0.5091397849462366,0.3793103448275862,0.43698220606791655,Bronze
P0219,64,0.453125,0.6875,0.140625,860.2295174393516,406.25,218.75,0.421875,0.34375,0.5,0.5263157894736842,0.375,0.43902439024390244,0.4418604651162791,0.5,0.5102040816326531,0.4270833333333333,0.45482356533755997,0.47093023255813954,0.375,0.43320331147281144,Bronze
P0019,61,0.45901639344262296,0.6557377049180327,0.14754098360655737,825.193159757918,344.2622950819672,98.36065573770492,0.4918032786885246,0.4864864864864865,0.5641025641025641,0.6097560975609756,0.3333333333333333,0.525,0.36363636363636365,0.475,0.475,0.42076502732240434,0.5240606460118655,0.4193181818181818,0.3333333333333333,0.43191209265679475,Bronze
